familychurch.online/sermons/247-faith,https://familychurch.online/sermons/247-faith-proverbs-3-5-6/,301,false,false,false,false
familychurch.online/sermons/2z42aizumqps5w48gvlnpsv093xq6f,https://familychurch.online/sermons/jesus-invites-us-1-corinthians-11-23-29/,301,false,false,false,false
familychurch.online/sermons/5pgm4osaa1yumpktu8vnprgf85owxs,https://familychurch.online/sermons/fight-or-flight-acts-14-1-7/,301,false,false,false,false
familychurch.online/sermons/83d4t82bfwtuf0qe6d7sv3dvx32aul,https://familychurch.online/sermons/are-you-free-galatians-2-1-10/,301,false,false,false,false
familychurch.online/sermons/83d4t82bfwtuf0qe6d7sv3dvx32aul-n4pd4,https://familychurch.online/sermons/the-table-of-freedom-galatians-2-11-14/,301,false,false,false,false
familychurch.online/sermons/9fxn74oeolq44zmr13hmcy8yyq4hcj,https://familychurch.online/sermons/give-god-the-glory-acts-12-20-25/,301,false,false,false,false
familychurch.online/sermons/9lgmb2wol3shdhso2z1d22pi4mwh95,https://familychurch.online/sermons/the-end-of-death-1-corinthians-15-12-15/,301,false,false,false,false
familychurch.online/sermons/9lz4sfmpraj2qbf5o1t7k3vohns6vt,https://familychurch.online/sermons/the-strength-of-weakness-ephesians-3-7-10/,301,false,false,false,false
familychurch.online/sermons/a-body-prepared,https://familychurch.online/sermons/a-body-prepared-hebrews-10-1-10/,301,false,false,false,false
familychurch.online/sermons/a-christ-like-life,https://familychurch.online/sermons/a-christ-like-life-ephesians-4-29-32/,301,false,false,false,false
familychurch.online/sermons/a-door-opened-into-heaven-acts-4-1-4,https://familychurch.online/sermons/fix-your-eyes-on-god-s-throne-revelation-4-1-4/,301,false,false,false,false
familychurch.online/sermons/a-life-worh-raising,https://familychurch.online/sermons/a-life-worth-raising-acts-9-36-43/,301,false,false,false,false
familychurch.online/sermons/a-pure-conscience,https://familychurch.online/sermons/a-pure-conscience-hebrews-9-11-14/,301,false,false,false,false
familychurch.online/sermons/a-table-before-me,https://familychurch.online/sermons/a-table-before-me-psalm-23-1-6/,301,false,false,false,false
familychurch.online/sermons/a-worthy-mystery,https://familychurch.online/sermons/a-worthy-mystery-ephesians-3-1-6/,301,false,false,false,false
familychurch.online/sermons/absolute-victory,https://familychurch.online/sermons/absolute-victory-ephesians-4-7-11/,301,false,false,false,false
familychurch.online/sermons/access-granted,https://familychurch.online/sermons/access-granted-acts-16-1-5/,301,false,false,false,false
familychurch.online/sermons/adding-to-your-faith-2-peter-13-11,https://familychurch.online/sermons/adding-to-your-faith-2-peter-1-3-11/,301,false,false,false,false
familychurch.online/sermons/are-things-falling-apart-or-into-place,https://familychurch.online/sermons/are-things-falling-apart-or-into-place-acts-8-1-8/,301,false,false,false,false
familychurch.online/sermons/are-we-pleasing-god,https://familychurch.online/sermons/are-we-pleasing-god-hebrews-13-15-19/,301,false,false,false,false
familychurch.online/sermons/are-we-pleasing-god-5gmxr,https://familychurch.online/sermons/are-we-pleasing-god-hebrews-13-15-19/,301,false,false,false,false
familychurch.online/sermons/are-you-free,https://familychurch.online/sermons/are-you-free-galatians-3-21-26/,301,false,false,false,false
familychurch.online/sermons/are-you-responding-to-gods-calling,https://familychurch.online/sermons/are-you-responding-to-god-s-calling-galatians-1-15-18/,301,false,false,false,false
familychurch.online/sermons/are-you-worthy,https://familychurch.online/sermons/are-you-worthy-2-thessalonians-1-5-12/,301,false,false,false,false
familychurch.online/sermons/as-it-is-in-heaven,https://familychurch.online/sermons/as-it-is-in-heaven-hebrews-8-1-6/,301,false,false,false,false
familychurch.online/sermons/ascension-day,https://familychurch.online/sermons/good-reminder-acts-1-1-11/,301,false,false,false,false
familychurch.online/sermons/ask-and-tell,https://familychurch.online/sermons/ask-and-tell-deuteronomy-32-7/,301,false,false,false,false
familychurch.online/sermons/at-last,https://familychurch.online/sermons/at-last-1-thessalonians-4-13-18/,301,false,false,false,false
familychurch.online/sermons/baptism,https://familychurch.online/sermons/baptism-galatians-3-23-29/,301,false,false,false,false
familychurch.online/sermons/baptism-1,https://familychurch.online/sermons/baptism-galatians-3-23-29/,301,false,false,false,false
familychurch.online/sermons/baptism-sunday,https://familychurch.online/sermons/baptism-sunday-matthew-28-16-20/,301,false,false,false,false
familychurch.online/sermons/baptism-what-does-it-do,https://familychurch.online/sermons/baptism-what-does-it-do-acts-10-34-48/,301,false,false,false,false
familychurch.online/sermons/bd2varu90om3z2eebh58gfvfrifkhk,https://familychurch.online/sermons/is-christianity-the-same-as-other-religions-2-thessalonians-2-13-17/,301,false,false,false,false
familychurch.online/sermons/bd2varu90om3z2eebh58gfvfrifkhk-8g82n,https://familychurch.online/sermons/is-christianity-the-same-as-other-religions-2-thessalonians-2-13-17/,301,false,false,false,false
familychurch.online/sermons/bd2varu90om3z2eebh58gfvfrifkhk-8g82n-dhr9d,https://familychurch.online/sermons/is-christianity-the-same-as-other-religions-2-thessalonians-2-13-17/,301,false,false,false,false
familychurch.online/sermons/bd2varu90om3z2eebh58gfvfrifkhk-8g82n-dhr9d-e3k6r,https://familychurch.online/sermons/is-christianity-the-same-as-other-religions-2-thessalonians-2-13-17/,301,false,false,false,false
familychurch.online/sermons/be-a-tychicus,https://familychurch.online/sermons/be-a-tychicus-ephesians-6-21-24/,301,false,false,false,false
familychurch.online/sermons/believing-is-not-seeing,https://familychurch.online/sermons/11-july-2021-believing-is-not-seeing-sermon-mp4-hebrews-11-1-3/,301,false,false,false,false
familychurch.online/sermons/beloved-of-jesus,https://familychurch.online/sermons/beloved-of-jesus-1-john-1-1-4/,301,false,false,false,false
familychurch.online/sermons/bheranbcl2w1d2dsq27mdg7s9c1k0y,https://familychurch.online/sermons/the-insiders-joseph-matthew-1-18-25/,301,false,false,false,false
familychurch.online/sermons/bible-study-explained,https://familychurch.online/sermons/bible-study-explained-luke-24-25-32/,301,false,false,false,false
familychurch.online/sermons/breaking-down-walls,https://familychurch.online/sermons/breaking-down-the-walls-joshua-2-1-15/,301,false,false,false,false
familychurch.online/sermons/breaking-down-walls-xa96r,https://familychurch.online/sermons/breaking-down-the-walls-joshua-2-1-15/,301,false,false,false,false
familychurch.online/sermons/bring-all-your-stuff,https://familychurch.online/sermons/bring-all-your-stuff-mark-16-5-8/,301,false,false,false,false
familychurch.online/sermons/built-for-something-bigger,https://familychurch.online/sermons/built-for-something-bigger-ephesians-2-19-22/,301,false,false,false,false
familychurch.online/sermons/c3v57oqxtrlofi6p1e5wv82k7vdezk,https://familychurch.online/sermons/authenticated-acts-10-34-48/,301,false,false,false,false
familychurch.online/sermons/caesar-decrees-but-god-has-decided-and-declared,https://familychurch.online/sermons/receiving-the-greatest-gift-micah-5-2-4/,301,false,false,false,false
familychurch.online/sermons/camping-with-god,https://familychurch.online/sermons/camping-with-god-hebrews-9-1-10/,301,false,false,false,false
familychurch.online/sermons/can-my-faith-save-others,https://familychurch.online/sermons/can-my-faith-save-others-1-corinthians-7-10-16/,301,false,false,false,false
familychurch.online/sermons/can-tolerance-be-wrong,https://familychurch.online/sermons/can-tolerance-be-wrong-revelation-2-12-17/,301,false,false,false,false
familychurch.online/sermons/can-we-worship-without-singing,https://familychurch.online/sermons/can-we-worship-without-singing-1-peter-1-8-9/,301,false,false,false,false
familychurch.online/sermons/carried-along,https://familychurch.online/sermons/carried-along-acts-27-1-26/,301,false,false,false,false
familychurch.online/sermons/carrying-each-other,https://familychurch.online/sermons/carrying-each-other-galatians-6-1-10/,301,false,false,false,false
familychurch.online/sermons/chewing-our-own-food,https://familychurch.online/sermons/chewing-our-own-food-hebrews-5-11-14/,301,false,false,false,false
familychurch.online/sermons/choosing-joy-in-weakness-habakkuk-3-17-19,https://familychurch.online/sermons/choosing-joy-in-weakness-habakkuk-3-17-19/,301,false,false,false,false
familychurch.online/sermons/chosen,https://familychurch.online/sermons/chosen-acts-1-12-26/,301,false,false,false,false
familychurch.online/sermons/chosenfor-baptism-acts-2-36-39,https://familychurch.online/sermons/chosen-for-baptism-acts-2-36-41/,301,false,false,false,false
familychurch.online/sermons/christianity-the-opposite-of-all-other-faiths-and-keeping-it-that-way,https://familychurch.online/sermons/christianity-the-opposite-of-all-other-faiths-and-keeping-it-that-way-galatians-3-19-20/,301,false,false,false,false
familychurch.online/sermons/coming-home-to-hope,https://familychurch.online/sermons/coming-home-to-hope-ephesians-2-11-13/,301,false,false,false,false
familychurch.online/sermons/compassion,https://familychurch.online/sermons/being-human-part-2-compassion-matthew-9-35-38/,301,false,false,false,false
familychurch.online/sermons/complete-turn-around,https://familychurch.online/sermons/complete-turn-around-galatians-1-11-24/,301,false,false,false,false
familychurch.online/sermons/complete-under-the-care-of-god,https://familychurch.online/sermons/complete-under-the-care-of-god-acts-14-24-28/,301,false,false,false,false
familychurch.online/sermons/creations-victory-cry,https://familychurch.online/sermons/,301,false,false,false,false
familychurch.online/sermons/deadly-and-deliberate-sin,https://familychurch.online/sermons/deadly-deliberate-sin-hebrews-10-26-31/,301,false,false,false,false
familychurch.online/sermons/delivery-day,https://familychurch.online/sermons/delivery-day-hebrews-10-32-39/,301,false,false,false,false
familychurch.online/sermons/different-but-one,https://familychurch.online/sermons/different-but-one-acts-4-32-37/,301,false,false,false,false
familychurch.online/sermons/do-you-fear-god-or-humans,https://familychurch.online/sermons/do-you-fear-humans-or-god-acts-5-17-42/,301,false,false,false,false
familychurch.online/sermons/do-you-have-a-jesus-sharing-strategy,https://familychurch.online/sermons/do-you-have-a-jesus-sharing-strategy-acts-17-1-9/,301,false,false,false,false
familychurch.online/sermons/do-you-have-the-look,https://familychurch.online/sermons/do-you-have-the-look-acts-14-8-18/,301,false,false,false,false
familychurch.online/sermons/do-you-see-the-glory-of-god,https://familychurch.online/sermons/do-you-see-the-glory-of-god-isaiah-40-3-5/,301,false,false,false,false
familychurch.online/sermons/do-you-see-the-glory-of-god-twadb,https://familychurch.online/sermons/do-you-see-the-glory-of-god-isaiah-40-3-5/,301,false,false,false,false
familychurch.online/sermons/does-grace-replace-the-law,https://familychurch.online/sermons/does-grace-replace-the-law-acts-21-17-26/,301,false,false,false,false
familychurch.online/sermons/does-prophecy-happen-today,https://familychurch.online/sermons/does-prophecy-happen-today-1-corinthians-14-1-5/,301,false,false,false,false
familychurch.online/sermons/does-prophecy-happen-today-79e67,https://familychurch.online/sermons/does-prophecy-happen-today-1-corinthians-14-1-5/,301,false,false,false,false
familychurch.online/sermons/dont-waste-your-investment,https://familychurch.online/sermons/don-t-waste-your-investment-1-thessalonians-3-1-5/,301,false,false,false,false
familychurch.online/sermons/embracing-game-changing-moments,https://familychurch.online/sermons/embracing-game-changing-moments-acts-10-1-33/,301,false,false,false,false
familychurch.online/sermons/embracing-gods-love-joy-and-peace,https://familychurch.online/sermons/embracing-god-s-love-joy-and-peace-philippians-4-4-9/,301,false,false,false,false
familychurch.online/sermons/empty-religion,https://familychurch.online/sermons/empty-religion-2-timothy-3-1-7/,301,false,false,false,false
familychurch.online/sermons/enemy-defeated-children-delivered,https://familychurch.online/sermons/enemy-defeated-children-delivered-hebrews-2-14-18/,301,false,false,false,false
familychurch.online/sermons/enter-his-rest,https://familychurch.online/sermons/enter-his-rest-hebrews-3-16-19/,301,false,false,false,false
familychurch.online/sermons/ephesus-dont-lose-your-first-love,https://familychurch.online/sermons/,301,false,false,false,false
familychurch.online/sermons/eternally-satisfied,https://familychurch.online/sermons/eternally-satisfied-isaiah-53-8-12/,301,false,false,false,false
familychurch.online/sermons/even-though-i-walk-through-the-valley,https://familychurch.online/sermons/even-though-we-walk-through-the-valley-acts-23-12-35/,301,false,false,false,false
familychurch.online/sermons/every-last-opportunity,https://familychurch.online/sermons/every-last-opportunity-luke-23-26-43/,301,false,false,false,false
familychurch.online/sermons/evidence-for-christianity,https://familychurch.online/sermons/evidence-for-christianity-acts-28-1-10/,301,false,false,false,false
familychurch.online/sermons/excluded-to-be-included,https://familychurch.online/sermons/excluded-to-be-included-hebrews-13-7-14/,301,false,false,false,false
familychurch.online/sermons/exposing-darkness-with-light,https://familychurch.online/sermons/exposing-darkness-with-light-ephesians-5-7-14/,301,false,false,false,false
familychurch.online/sermons/fact-checking-like-a-berean,https://familychurch.online/sermons/fact-checking-like-a-berean-acts-17-10-15/,301,false,false,false,false
familychurch.online/sermons/fake-faith,https://familychurch.online/sermons/fake-faith-acts-8-9-25/,301,false,false,false,false
familychurch.online/sermons/fake-news,https://familychurch.online/sermons/fake-news-2-thessalonians-2-1-6/,301,false,false,false,false
familychurch.online/sermons/fake-news-egntk,https://familychurch.online/sermons/fake-news-2-thessalonians-2-1-6/,301,false,false,false,false
familychurch.online/sermons/fasting-explained,https://familychurch.online/sermons/fasting-explained-matthew-6-16-18/,301,false,false,false,false
familychurch.online/sermons/fear-and-comfort,https://familychurch.online/sermons/fear-and-comfort-acts-9-26-35/,301,false,false,false,false
familychurch.online/sermons/fighting-like-jesus,https://familychurch.online/sermons/fighting-like-jesus-luke-19-41-48/,301,false,false,false,false
familychurch.online/sermons/first-love-why-we-serve,https://familychurch.online/sermons/first-love-why-we-serve-revelation-2-1-7/,301,false,false,false,false
familychurch.online/sermons/five-ways-to-fight-fear-and-find-purpose,https://familychurch.online/sermons/fighting-fear-and-finding-purpose-hebrews-11-4-12/,301,false,false,false,false
familychurch.online/sermons/forgiveness,https://familychurch.online/sermons/forgiveness-luke-7-36-50/,301,false,false,false,false
familychurch.online/sermons/forsaken,https://familychurch.online/sermons/forsaken-mark-15-33-35/,301,false,false,false,false
familychurch.online/sermons/foundations,https://familychurch.online/sermons/foundations-matthew-22-37-39/,301,false,false,false,false
familychurch.online/sermons/freedom,https://familychurch.online/sermons/freedom-acts-25-1-26-32/,301,false,false,false,false
familychurch.online/sermons/fruit-of-the-flesh,https://familychurch.online/sermons/fruit-of-the-flesh-galatians-5-16-23/,301,false,false,false,false
familychurch.online/sermons/fully-loaded-with-love,https://familychurch.online/sermons/fully-loaded-with-love-ephesians-3-14-19/,301,false,false,false,false
familychurch.online/sermons/get-dressed,https://familychurch.online/sermons/get-dresses-ephesians-4-20-24/,301,false,false,false,false
familychurch.online/sermons/get-out-of-the-dark,https://familychurch.online/sermons/get-out-of-the-dark-ephesians-4-17-19/,301,false,false,false,false
familychurch.online/sermons/get-ready-for-something-huge,https://familychurch.online/sermons/get-ready-for-something-huge-john-12-12-19/,301,false,false,false,false
familychurch.online/sermons/get-up-and-walk,https://familychurch.online/sermons/get-up-and-walk-ephesians-2-1-3/,301,false,false,false,false
familychurch.online/sermons/getting-to-know-the-unknown-god,https://familychurch.online/sermons/getting-to-know-the-unknown-god-acts-17-16-34/,301,false,false,false,false
familychurch.online/sermons/gg0opybhb8s88jvgjkcbouvxbu34xo,https://familychurch.online/sermons/while-we-wait-john-2-1-11/,301,false,false,false,false
familychurch.online/sermons/glp78bmgcry13zfjlumabqwm81cynt,https://familychurch.online/sermons/who-is-our-peace-ephesians-2-13-18/,301,false,false,false,false
familychurch.online/sermons/god-hears-us-above-the-waves,https://familychurch.online/sermons/god-hears-us-above-the-waves-matthew-6-5-13/,301,false,false,false,false
familychurch.online/sermons/god-hears-us-above-the-waves-ii,https://familychurch.online/sermons/god-hears-us-above-the-waves-ii-matthew-6-5-15/,301,false,false,false,false
familychurch.online/sermons/gods-patience-waits,https://familychurch.online/sermons/god-s-patience-waits-1-peter-3-18-22/,301,false,false,false,false
familychurch.online/sermons/gods-purpose-blueprint,https://familychurch.online/sermons/god-s-purpose-blueprint-acts-9-23-31/,301,false,false,false,false
familychurch.online/sermons/gods-story-cant-be-edited,https://familychurch.online/sermons/god-s-story-can-t-be-edited-daniel-1-1-7/,301,false,false,false,false
familychurch.online/sermons/gods-voice-is-louder-than-any-wave-ii,https://familychurch.online/sermons/god-s-voice-is-louder-than-any-wave-ii-psalm-119-145-152/,301,false,false,false,false
familychurch.online/sermons/gods-word-is-louder-than-any-wave,https://familychurch.online/sermons/god-s-word-is-louder-than-any-wave-2-timothy-3-12-17/,301,false,false,false,false
familychurch.online/sermons/good-imitation,https://familychurch.online/sermons/a-good-imitation-ephesians-5-1-2/,301,false,false,false,false
familychurch.online/sermons/grateful-for-wrath,https://familychurch.online/sermons/grateful-for-wrath-1-thessalonians-2-13-16/,301,false,false,false,false
familychurch.online/sermons/grateful-for-wrath-5apll,https://familychurch.online/sermons/grateful-for-wrath-1-thessalonians-2-13-16/,301,false,false,false,false
familychurch.online/sermons/greater-things-than-these,https://familychurch.online/sermons/greater-things-than-these-acts-12-1-5/,301,false,false,false,false
familychurch.online/sermons/guard-your-thoughts-philippians-4-8-9,https://familychurch.online/sermons/guard-your-thoughts-philippians-4-8-9/,301,false,false,false,false
familychurch.online/sermons/handling-the-future,https://familychurch.online/sermons/,301,false,false,false,false
familychurch.online/sermons/hard-hearts-find-no-rest,https://familychurch.online/sermons/hard-hearts-find-no-rest-hebrews-3-7-11/,301,false,false,false,false
familychurch.online/sermons/he-is-on-the-throne,https://familychurch.online/sermons/he-s-on-the-throne-acts-2-14-41/,301,false,false,false,false
familychurch.online/sermons/he-who-is,https://familychurch.online/sermons/he-who-is-revelation-1-4-8/,301,false,false,false,false
familychurch.online/sermons/heart-stirring,https://familychurch.online/sermons/stirring-the-heart-hebrews-10-19-25/,301,false,false,false,false
familychurch.online/sermons/heaven-in-the-home,https://familychurch.online/sermons/heaven-in-the-home-ephesians-5-15-21/,301,false,false,false,false
familychurch.online/sermons/hes-been-there,https://familychurch.online/sermons/he-s-been-there-revelation-2-8-11/,301,false,false,false,false
familychurch.online/sermons/honestly,https://familychurch.online/sermons/honestly-ephesians-4-25-28/,301,false,false,false,false
familychurch.online/sermons/hope-fear-amp-fitting-in,https://familychurch.online/sermons/hope-fear-fitting-in-1-thessalonians-3-6-13/,301,false,false,false,false
familychurch.online/sermons/hope-for-2021,https://familychurch.online/sermons/hope-for-2021-luke-3-1-6/,301,false,false,false,false
familychurch.online/sermons/how-are-you-labelled,https://familychurch.online/sermons/how-are-you-labelled-ephesians-2-8-10/,301,false,false,false,false
familychurch.online/sermons/how-can-we-hear-from-god-ii-anna,https://familychurch.online/sermons/how-can-we-hear-from-god-ii-luke-2-36-38/,301,false,false,false,false
familychurch.online/sermons/how-do-we-hear-from-god,https://familychurch.online/sermons/how-do-we-hear-from-god-acts-16-6-15/,301,false,false,false,false
familychurch.online/sermons/how-do-we-hear-god-speaking,https://familychurch.online/sermons/how-do-we-hear-god-speaking-acts-21-1-16/,301,false,false,false,false
familychurch.online/sermons/how-has-jesus-changed-you,https://familychurch.online/sermons/how-has-jesus-changed-you-acts-22-1-29/,301,false,false,false,false
familychurch.online/sermons/how-to-have-more-faith,https://familychurch.online/sermons/how-to-have-more-faith-hebrews-11-20-31/,301,false,false,false,false
familychurch.online/sermons/how-to-have-more-faith-dy5af,https://familychurch.online/sermons/how-to-have-more-faith-hebrews-11-20-31/,301,false,false,false,false
familychurch.online/sermons/how-to-have-more-faith-dy5af-8d9me,https://familychurch.online/sermons/how-to-have-more-faith-hebrews-11-20-31/,301,false,false,false,false
familychurch.online/sermons/how-to-labour-in-love,https://familychurch.online/sermons/,301,false,false,false,false
familychurch.online/sermons/how-to-overcome-adversity,https://familychurch.online/sermons/how-to-overcome-adversity-acts-4-23-31/,301,false,false,false,false
familychurch.online/sermons/how-to-pass-our-faith-on,https://familychurch.online/sermons/how-to-pass-our-faith-on-isaiah-43-1-4/,301,false,false,false,false
familychurch.online/sermons/how-to-worship,https://familychurch.online/sermons/how-do-we-worship-ephesians-3-14-21/,301,false,false,false,false
familychurch.online/sermons/humility,https://familychurch.online/sermons/being-human-part-1-humility-matthew-9-35/,301,false,false,false,false
familychurch.online/sermons/humility-1,https://familychurch.online/sermons/being-human-part-1-humility-matthew-9-35/,301,false,false,false,false
familychurch.online/sermons/idolising-business,https://familychurch.online/sermons/idolising-business-acts-19-21-41/,301,false,false,false,false
familychurch.online/sermons/if-god-permits-we-will-do,https://familychurch.online/sermons/if-god-permits-we-will-do-hebrews-6-1-3/,301,false,false,false,false
familychurch.online/sermons/immeasurable-power,https://familychurch.online/sermons/praying-for-wealth-ii-immeasurable-power-ephesians-1-17-20/,301,false,false,false,false
familychurch.online/sermons/immeasurable-power-fhdea,https://familychurch.online/sermons/above-every-name-ephesians-1-21-23/,301,false,false,false,false
familychurch.online/sermons/in-the-name-of-jesus,https://familychurch.online/sermons/the-name-of-jesus-acts-3-1-10/,301,false,false,false,false
familychurch.online/sermons/indestructible,https://familychurch.online/sermons/indestructible-hebrews-7-11-28/,301,false,false,false,false
familychurch.online/sermons/invited-to-feast,https://familychurch.online/sermons/invited-to-a-feast-revelation-19-6-10/,301,false,false,false,false
familychurch.online/sermons/is-christmas-christian,https://familychurch.online/sermons/is-christmas-christian-romans-14-5-9/,301,false,false,false,false
familychurch.online/sermons/it-is-war-who-wins,https://familychurch.online/sermons/it-is-war-who-wins-acts-16-16-40/,301,false,false,false,false
familychurch.online/sermons/jerusalem-receives-the-lion-of-judah,https://familychurch.online/sermons/jerusalem-receives-the-lion-of-judah-joel-2-28-31/,301,false,false,false,false
familychurch.online/sermons/jerusalem-rejects-the-lamb-of-god,https://familychurch.online/sermons/jerusalem-rejects-the-lamb-of-god-luke-13-34-35/,301,false,false,false,false
familychurch.online/sermons/jesus-changes-everything,https://familychurch.online/sermons/jesus-changes-everything-acts-18-1-17/,301,false,false,false,false
familychurch.online/sermons/jesus-never-quits-neither-should-we,https://familychurch.online/sermons/jesus-never-quits-neither-should-we-acts-15-36-41/,301,false,false,false,false
familychurch.online/sermons/just-cant-wait,https://familychurch.online/sermons/i-just-can-t-wait-psalm-2-1-12/,301,false,false,false,false
familychurch.online/sermons/just-do-it-see-what-happens,https://familychurch.online/sermons/just-do-it-see-what-happens-galatians-4-12-20/,301,false,false,false,false
familychurch.online/sermons/justified,https://familychurch.online/sermons/justified-are-you-a-good-person-galatians-2-15-19/,301,false,false,false,false
familychurch.online/sermons/king-of-righteousness-king-of-peace,https://familychurch.online/sermons/king-of-righteousness-king-of-peace-hebrews-7-1-10/,301,false,false,false,false
familychurch.online/sermons/labour-of-love-i,https://familychurch.online/sermons/labour-of-love-i-1-thessalonians-1-1-3/,301,false,false,false,false
familychurch.online/sermons/labour-of-love-ii,https://familychurch.online/sermons/labour-of-love-ii-1-thessalonians-1-4-10/,301,false,false,false,false
familychurch.online/sermons/labour-of-love-ii-l69y3,https://familychurch.online/sermons/labour-of-love-ii-1-thessalonians-1-4-10/,301,false,false,false,false
familychurch.online/sermons/leaving-nostalgia,https://familychurch.online/sermons/leaving-nostalgia-hebrews-3-1-6/,301,false,false,false,false
familychurch.online/sermons/leaving-this-world,https://familychurch.online/sermons/leaving-this-world-1-thessalonians-4-1-8/,301,false,false,false,false
familychurch.online/sermons/leaving-this-world-b94e7,https://familychurch.online/sermons/leaving-this-world-1-thessalonians-4-1-8/,301,false,false,false,false
familychurch.online/sermons/legacy,https://familychurch.online/sermons/legacy-acts-20-17-38/,301,false,false,false,false
familychurch.online/sermons/let-go-let-god-and-get-going,https://familychurch.online/sermons/let-go-let-god-and-get-going-hebrews-11-17-19/,301,false,false,false,false
familychurch.online/sermons/listening-first,https://familychurch.online/sermons/listening-first-acts-21-27-40/,301,false,false,false,false
familychurch.online/sermons/living-and-active-rest,https://familychurch.online/sermons/the-living-and-active-rest-hebrews-4-8-13/,301,false,false,false,false
familychurch.online/sermons/long-term-planning,https://familychurch.online/sermons/long-term-planning-hebrews-5-1-6/,301,false,false,false,false
familychurch.online/sermons/looking-after-your-body,https://familychurch.online/sermons/looking-after-your-body-1-thessalonians-5-19-28/,301,false,false,false,false
familychurch.online/sermons/lukewarm,https://familychurch.online/sermons/lukewarm-revelation-3-14-22/,301,false,false,false,false
familychurch.online/sermons/made-for-awe-and-wonder,https://familychurch.online/sermons/made-for-awe-and-wonder-romans-11-36-12-2/,301,false,false,false,false
familychurch.online/sermons/making-jesus-team,https://familychurch.online/sermons/making-jesus-team-acts-18-18-28/,301,false,false,false,false
familychurch.online/sermons/marks-of-s-spirit-filled-church,https://familychurch.online/sermons/marks-of-the-spirit-filled-church-acts-2-42-47/,301,false,false,false,false
familychurch.online/sermons/marriage-made-in-heaven,https://familychurch.online/sermons/marriage-made-in-heaven-ephesians-5-22-30/,301,false,false,false,false
familychurch.online/sermons/new-beginnings,https://familychurch.online/sermons/new-beginnings-matthew-1-1/,301,false,false,false,false
familychurch.online/sermons/no-accidents-no-mistakes,https://familychurch.online/sermons/no-accidents-no-mistakes-galatians-4-21-31/,301,false,false,false,false
familychurch.online/sermons/no-going-back,https://familychurch.online/sermons/no-going-back-galatians-4-8-11/,301,false,false,false,false
familychurch.online/sermons/no-going-back-5jsln,https://familychurch.online/sermons/no-going-back-galatians-4-8-11/,301,false,false,false,false
familychurch.online/sermons/no-other-gospel,https://familychurch.online/sermons/no-other-gospel-galatians-1-1-5/,301,false,false,false,false
familychurch.online/sermons/none-so-blind,https://familychurch.online/sermons/none-so-blind-acts-9-1-22/,301,false,false,false,false
familychurch.online/sermons/not-ashamed,https://familychurch.online/sermons/not-ashamed-hebrews-2-10-13/,301,false,false,false,false
familychurch.online/sermons/now-that-youre-ready,https://familychurch.online/sermons/now-that-you-re-ready-1-thessalonians-5-12-18/,301,false,false,false,false
familychurch.online/sermons/ok3vf3vmmag3o7xncq7uwhh3rke4cf,https://familychurch.online/sermons/what-does-god-want-you-to-do-galatians-5-13-15/,301,false,false,false,false
familychurch.online/sermons/on-the-fathers-shoulders,https://familychurch.online/sermons/on-the-father-s-shoulders-numbers-14-28-33/,301,false,false,false,false
familychurch.online/sermons/on-the-road-to-completion,https://familychurch.online/sermons/on-the-road-to-completion-2-thessalonians-1-1-4/,301,false,false,false,false
familychurch.online/sermons/one-way,https://familychurch.online/sermons/one-way-ephesians-4-4-6/,301,false,false,false,false
familychurch.online/sermons/only-jesus,https://familychurch.online/sermons/only-jesus-acts-4-1-22/,301,false,false,false,false
familychurch.online/sermons/open-and-shut,https://familychurch.online/sermons/open-and-shut-revelation-3-7-12/,301,false,false,false,false
familychurch.online/sermons/our-perfect-wait,https://familychurch.online/sermons/the-ideal-wait-hebrews-9-24-28/,301,false,false,false,false
familychurch.online/sermons/our-strength-and-our-song,https://familychurch.online/sermons/our-strength-our-song-isaiah-12-2/,301,false,false,false,false
familychurch.online/sermons/pentecost-last-will-and-testament,https://familychurch.online/sermons/pentecost-last-will-and-testament-hebrews-9-15-23/,301,false,false,false,false
familychurch.online/sermons/personal-commitment,https://familychurch.online/sermons/personal-commitment-galatians-6-11-18/,301,false,false,false,false
familychurch.online/sermons/personal-experience,https://familychurch.online/sermons/personal-experience-galatians-3-1-5/,301,false,false,false,false
familychurch.online/sermons/praying-for-power,https://familychurch.online/sermons/praying-for-power-ephesians-3-20-21/,301,false,false,false,false
familychurch.online/sermons/praying-in-the-spirit,https://familychurch.online/sermons/praying-in-the-spirit-ephesians-6-18-20/,301,false,false,false,false
familychurch.online/sermons/preparing-the-soil,https://familychurch.online/sermons/preparing-the-soil-matthew-13-1-23/,301,false,false,false,false
familychurch.online/sermons/prophet-priest-and-king,https://familychurch.online/sermons/prophet-priest-and-king-the-prophet-hebrews-1-1-3/,301,false,false,false,false
familychurch.online/sermons/reading-hearing-and-keeping-the-word,https://familychurch.online/sermons/reading-hearing-and-keeping-the-word-of-god-revelation-1-1-3/,301,false,false,false,false
familychurch.online/sermons/remember-who-you-are,https://familychurch.online/sermons/remember-who-you-are-ephesians-2-8-10/,301,false,false,false,false
familychurch.online/sermons/remembering-jesus,https://familychurch.online/sermons/remembering-jesus-1-corinthians-11-23-26/,301,false,false,false,false
familychurch.online/sermons/restart,https://familychurch.online/sermons/restart-matthew-3-13-17/,301,false,false,false,false
familychurch.online/sermons/rise-up,https://familychurch.online/sermons/rise-up-acts-14-19-23/,301,false,false,false,false
familychurch.online/sermons/running-free,https://familychurch.online/sermons/running-free-galatians-5-1-12/,301,false,false,false,false
familychurch.online/sermons/running-through-the-wall,https://familychurch.online/sermons/running-through-the-wall-hebrews-12-12-17/,301,false,false,false,false
familychurch.online/sermons/secual-immorality,https://familychurch.online/sermons/sexual-immorality-ephesians-5-3-4/,301,false,false,false,false
familychurch.online/sermons/set-apart,https://familychurch.online/sermons/set-apart-acts-13-1-3/,301,false,false,false,false
familychurch.online/sermons/set-apart-by-faith,https://familychurch.online/sermons/set-apart-by-faith-1-corinthians-7-14-16/,301,false,false,false,false
familychurch.online/sermons/set-them-free,https://familychurch.online/sermons/set-them-free-acts-15-1-11/,301,false,false,false,false
familychurch.online/sermons/shake-rattle-and-dissolve,https://familychurch.online/sermons/shake-rattle-and-dissolve-hebrews-12-25-29/,301,false,false,false,false
familychurch.online/sermons/shaken-to-peace,https://familychurch.online/sermons/shaken-to-peace-hebrews-2-10-13/,301,false,false,false,false
familychurch.online/sermons/shame-to-glory,https://familychurch.online/sermons/shame-to-glory-ephesians-3-11-13/,301,false,false,false,false
familychurch.online/sermons/shipwrecked-or-rescued,https://familychurch.online/sermons/shipwrecked-or-rescued-acts-27-27-44/,301,false,false,false,false
familychurch.online/sermons/signs-and-wonders,https://familychurch.online/sermons/signs-and-wonders-acts-5-12-16/,301,false,false,false,false
familychurch.online/sermons/something-impossible,https://familychurch.online/sermons/something-impossible-hebrews-6-4-9/,301,false,false,false,false
familychurch.online/sermons/speak-louder-with-your-words-and-acts,https://familychurch.online/sermons/speak-louder-with-your-words-and-acts-acts-1-1-11/,301,false,false,false,false
familychurch.online/sermons/stay-in-gods-story,https://familychurch.online/sermons/stay-in-god-s-story-jeremiah-1-4-10/,301,false,false,false,false
familychurch.online/sermons/sure-of-better-things,https://familychurch.online/sermons/sure-of-better-things-hebrews-6-9-12/,301,false,false,false,false
familychurch.online/sermons/surrender-rest,https://familychurch.online/sermons/surrender-rest-hebrews-4-1-7/,301,false,false,false,false
familychurch.online/sermons/take-jesus-to-work,https://familychurch.online/sermons/take-jesus-to-work-ephesians-6-5-9/,301,false,false,false,false
familychurch.online/sermons/telescopic-vision,https://familychurch.online/sermons/telescopic-vision-hebrews-11-13-16/,301,false,false,false,false
familychurch.online/sermons/tell-them-what-god-has-done-for-you,https://familychurch.online/sermons/tell-them-what-god-has-done-for-you-mark-5-15-20/,301,false,false,false,false
familychurch.online/sermons/tell-them-what-god-has-done-for-you-eg4n7,https://familychurch.online/sermons/tell-them-what-god-has-done-for-you-mark-5-15-20/,301,false,false,false,false
familychurch.online/sermons/the-antidote-to-perfection,https://familychurch.online/sermons/the-antidote-to-perfection-galatians-3-6-14/,301,false,false,false,false
familychurch.online/sermons/the-antidote-to-perfection-tgsdy,https://familychurch.online/sermons/the-antidote-to-perfection-galatians-3-6-14/,301,false,false,false,false
familychurch.online/sermons/the-armour-of-god,https://familychurch.online/sermons/the-armour-of-god-ephesians-6-10-13/,301,false,false,false,false
familychurch.online/sermons/the-beauty-of-baptism,https://familychurch.online/sermons/the-beauty-of-baptism-1-peter-3-18-22/,301,false,false,false,false
familychurch.online/sermons/the-beauty-of-change,https://familychurch.online/sermons/the-beauty-of-change-genesis-9-1-17/,301,false,false,false,false
familychurch.online/sermons/the-beauty-of-commitment,https://familychurch.online/sermons/the-beauty-of-commitment-1-samuel-1-10-28/,301,false,false,false,false
familychurch.online/sermons/the-beauty-of-surrender,https://familychurch.online/sermons/the-beauty-of-surrender-genesis-32-22-32/,301,false,false,false,false
familychurch.online/sermons/the-best-gift-you-can-give-your-child,https://familychurch.online/sermons/2021-09-19-09-26-03-00-21-28-884-00-54-04-170-mp4-mark-10-13-16/,301,false,false,false,false
familychurch.online/sermons/the-blessings-of-the-father,https://familychurch.online/sermons/the-blessings-of-the-father-ephesians-1-1-6/,301,false,false,false,false
familychurch.online/sermons/the-colliding-worlds,https://familychurch.online/sermons/the-colliding-worlds-galatians-1-10-14/,301,false,false,false,false
familychurch.online/sermons/the-cup-of-blessing,https://familychurch.online/sermons/the-cup-of-blessing-1-corinthians-10-16-22/,301,false,false,false,false
familychurch.online/sermons/the-curse-of-false-gospels,https://familychurch.online/sermons/the-curse-of-false-gospels-galatians-1-6-9/,301,false,false,false,false
familychurch.online/sermons/the-danger-of-empty-words,https://familychurch.online/sermons/the-danger-of-empty-words-ephesians-5-3-6/,301,false,false,false,false
familychurch.online/sermons/the-death-of-the-servant,https://familychurch.online/sermons/the-death-of-the-servant-no-greater-love-isaiah-53-2-12/,301,false,false,false,false
familychurch.online/sermons/the-fountain-of-life,https://familychurch.online/sermons/fountain-of-life-hebrews-5-7-10/,301,false,false,false,false
familychurch.online/sermons/the-gallery,https://familychurch.online/sermons/the-gallery-ephesians-2-4-7/,301,false,false,false,false
familychurch.online/sermons/the-good-shepherd,https://familychurch.online/sermons/the-good-shepherd-psalm-23-1-6/,301,false,false,false,false
familychurch.online/sermons/the-grand-entrance,https://familychurch.online/sermons/the-grand-entrance-acts-2-1-13/,301,false,false,false,false
familychurch.online/sermons/the-great-power-of-simple-obedience,https://familychurch.online/sermons/the-great-value-of-simple-obedience-acts-8-26-40/,301,false,false,false,false
familychurch.online/sermons/the-growing-problem-of-doubt,https://familychurch.online/sermons/the-growing-problem-of-doubt-hebrews-3-12-15/,301,false,false,false,false
familychurch.online/sermons/the-grown-up-church,https://familychurch.online/sermons/the-grown-up-church-ephesians-4-15-16/,301,false,false,false,false
familychurch.online/sermons/the-guaranteed-inheritance-of-the-spirit,https://familychurch.online/sermons/the-guarantee-of-the-spirit-ephesians-1-13-14/,301,false,false,false,false
familychurch.online/sermons/the-guaranteed-inheritance-of-the-spirit-3h5rw,https://familychurch.online/sermons/the-guarantee-of-the-spirit-ephesians-1-13-14/,301,false,false,false,false
familychurch.online/sermons/the-hands-of-jesus,https://familychurch.online/sermons/the-hands-of-jesus-revelation-1-9-20/,301,false,false,false,false
familychurch.online/sermons/the-helmet-of-salvation,https://familychurch.online/sermons/the-helmet-of-salvation-ephesians-6-16-17/,301,false,false,false,false
familychurch.online/sermons/the-hidden-opportunities-in-conflict,https://familychurch.online/sermons/the-hidden-opportunities-in-conflict-acts-6-1-7/,301,false,false,false,false
familychurch.online/sermons/the-hope-and-power-of-the-resurrection,https://familychurch.online/sermons/the-powerful-hope-and-power-of-the-resurrection-john-20-26-31/,301,false,false,false,false
familychurch.online/sermons/the-insiders,https://familychurch.online/sermons/the-insiders-matthew-25-1-13/,301,false,false,false,false
familychurch.online/sermons/the-insiders-anna,https://familychurch.online/sermons/the-insiders-anna-luke-2-36-38/,301,false,false,false,false
familychurch.online/sermons/the-insiders-mary,https://familychurch.online/sermons/the-insiders-mary-s-heart-luke-2-16-20/,301,false,false,false,false
familychurch.online/sermons/the-insiders-simeon,https://familychurch.online/sermons/the-insiders-simeon-luke-2-25-35/,301,false,false,false,false
familychurch.online/sermons/the-insiders-zechariah,https://familychurch.online/sermons/the-insiders-zechariah-luke-1-67-79/,301,false,false,false,false
familychurch.online/sermons/the-irresistible-gospel,https://familychurch.online/sermons/the-irrististible-gospel-acts-13-4-12/,301,false,false,false,false
familychurch.online/sermons/the-joy-for-a-saviour,https://familychurch.online/sermons/the-joy-for-a-saviour-psalm-98-1-3/,301,false,false,false,false
familychurch.online/sermons/the-joy-for-a-saviour-3n22a,https://familychurch.online/sermons/the-joy-for-a-saviour-psalm-98-1-3/,301,false,false,false,false
familychurch.online/sermons/the-judgement-that-brings-us-peace,https://familychurch.online/sermons/the-judgement-that-brings-us-peace-acts-24-1-27/,301,false,false,false,false
familychurch.online/sermons/the-king-of-kings,https://familychurch.online/sermons/the-king-of-kings-matthew-2-1-12/,301,false,false,false,false
familychurch.online/sermons/the-living-vision,https://familychurch.online/sermons/the-living-vision-acts-2-42-47/,301,false,false,false,false
familychurch.online/sermons/the-living-vision-ii,https://familychurch.online/sermons/the-living-vision-ii-matthew-28-16-20/,301,false,false,false,false
familychurch.online/sermons/the-lords-table,https://familychurch.online/sermons/the-lord-s-table-luke-22-13-20/,301,false,false,false,false
familychurch.online/sermons/the-magi,https://familychurch.online/sermons/the-magi-matthew-2-1-12/,301,false,false,false,false
familychurch.online/sermons/the-ministry-of-the-gifts,https://familychurch.online/sermons/the-ministry-of-the-gifts-1-corinthians-12-7-11/,301,false,false,false,false
familychurch.online/sermons/the-momentum-of-testimony,https://familychurch.online/sermons/the-momentum-of-testimony-acts-11-19-30/,301,false,false,false,false
familychurch.online/sermons/the-mystery,https://familychurch.online/sermons/the-mystery-ephesians-5-31-33/,301,false,false,false,false
familychurch.online/sermons/the-new-covenant,https://familychurch.online/sermons/the-new-covenant-hebrews-8-7-13/,301,false,false,false,false
familychurch.online/sermons/the-new-creation,https://familychurch.online/sermons/the-new-creation-matthew-6-31-34/,301,false,false,false,false
familychurch.online/sermons/the-perfect-priest,https://familychurch.online/sermons/the-perfect-priest-hebrews-7-22-27/,301,false,false,false,false
familychurch.online/sermons/the-perfect-vaccine,https://familychurch.online/sermons/the-perfect-vaccine-hebrews-10-11-18/,301,false,false,false,false
familychurch.online/sermons/the-power-of-a-testimony,https://familychurch.online/sermons/the-power-of-testimony-acts-11-1-18/,301,false,false,false,false
familychurch.online/sermons/the-power-of-the-name-of-jesus,https://familychurch.online/sermons/the-power-of-the-name-of-jesus-acts-19-11-20/,301,false,false,false,false
familychurch.online/sermons/the-power-of-the-pew,https://familychurch.online/sermons/the-power-of-the-pew-ephesians-4-11-14/,301,false,false,false,false
familychurch.online/sermons/the-power-of-worship,https://familychurch.online/sermons/the-power-of-worship-acts-16-25-33/,301,false,false,false,false
familychurch.online/sermons/the-power-of-worship-ii,https://familychurch.online/sermons/the-power-of-worship-ii-acts-16-25-33/,301,false,false,false,false
familychurch.online/sermons/the-powerful-embrace-of-grace,https://familychurch.online/sermons/the-powerful-embrace-of-grace-galatians-3-26-29/,301,false,false,false,false
familychurch.online/sermons/the-powerful-embrace-of-grace-3dk2k,https://familychurch.online/sermons/the-powerful-embrace-of-grace-galatians-3-26-29/,301,false,false,false,false
familychurch.online/sermons/the-rescue,https://familychurch.online/sermons/the-rescue-acts-12-6-19/,301,false,false,false,false
familychurch.online/sermons/the-responsibility-of-authority,https://familychurch.online/sermons/the-responsibility-of-authority-revelation-2-18-29/,301,false,false,false,false
familychurch.online/sermons/the-resurrection-divides,https://familychurch.online/sermons/the-ressurection-divides-acts-22-30-23-11/,301,false,false,false,false
familychurch.online/sermons/the-riches-of-the-son,https://familychurch.online/sermons/the-riches-of-the-son-ephesians-1-7-12/,301,false,false,false,false
familychurch.online/sermons/the-servant-heart,https://familychurch.online/sermons/the-servant-heart-matthew-25-23/,301,false,false,false,false
familychurch.online/sermons/the-shield-of-faith,https://familychurch.online/sermons/the-shield-of-faith-ephesians-6-16/,301,false,false,false,false
familychurch.online/sermons/the-sword-of-the-spirit,https://familychurch.online/sermons/the-mighty-sword-of-the-lord-ephesians-6-17/,301,false,false,false,false
familychurch.online/sermons/the-table-explained,https://familychurch.online/sermons/the-table-explained-1-corinthians-11-23-29/,301,false,false,false,false
familychurch.online/sermons/the-third-day,https://familychurch.online/sermons/the-third-day-1-corinthians-15-3-6/,301,false,false,false,false
familychurch.online/sermons/the-two-mountains-of-prophecy,https://familychurch.online/sermons/the-two-mountains-of-prophecy-1-peter-1-8-12/,301,false,false,false,false
familychurch.online/sermons/the-unbreakable-righteousness-of-jesus-christ,https://familychurch.online/sermons/the-unbreakable-righteousness-of-jesus-christ-ephesians-6-10-14/,301,false,false,false,false
familychurch.online/sermons/the-unstoppable-shepherd,https://familychurch.online/sermons/the-unstoppable-shepherd-ezekiel-34-22-24/,301,false,false,false,false
familychurch.online/sermons/the-virgin-birth,https://familychurch.online/sermons/the-virgin-birth-matthew-1-18-25/,301,false,false,false,false
familychurch.online/sermons/the-way-of-peace,https://familychurch.online/sermons/the-way-of-peace-ephesians-6-14-15/,301,false,false,false,false
familychurch.online/sermons/the-wide-and-narrow-gates,https://familychurch.online/sermons/wide-and-narrow-gates-acts-5-1-11/,301,false,false,false,false
familychurch.online/sermons/the-word-on-heavenly-families,https://familychurch.online/sermons/the-word-on-heavenly-families-ephesians-6-1-4/,301,false,false,false,false
familychurch.online/sermons/the-world-at-his-feet,https://familychurch.online/sermons/the-world-at-his-feet-luke-19-29-40/,301,false,false,false,false
familychurch.online/sermons/thinking-back-growing-forward,https://familychurch.online/sermons/thinking-back-growing-forward-galatians-4-1-7/,301,false,false,false,false
familychurch.online/sermons/thriving-in-conspiracy-chaos,https://familychurch.online/sermons/thriving-in-conspiracy-chaod-matthew-24-3-14/,301,false,false,false,false
familychurch.online/sermons/times-and-seasons,https://familychurch.online/sermons/times-and-seasons-1-thessalonians-5-1-11/,301,false,false,false,false
familychurch.online/sermons/touched-by-jesus,https://familychurch.online/sermons/touched-by-jesus-mark-10-13-16/,301,false,false,false,false
familychurch.online/sermons/touching-heaven,https://familychurch.online/sermons/touching-heaven-hebrews-12-18-24/,301,false,false,false,false
familychurch.online/sermons/true-inner-strength,https://familychurch.online/sermons/true-inner-strength-hebrews-13-1-6/,301,false,false,false,false
familychurch.online/sermons/truth-real-and-artificial,https://familychurch.online/sermons/truth-real-and-artificial-john-17-14-17/,301,false,false,false,false
familychurch.online/sermons/truth-real-and-artificial-4g66t,https://familychurch.online/sermons/truth-real-and-artificial-john-17-14-17/,301,false,false,false,false
familychurch.online/sermons/truth-what-is-truth,https://familychurch.online/sermons/truth-what-is-truth-ephesians-6-14/,301,false,false,false,false
familychurch.online/sermons/turn-around,https://familychurch.online/sermons/turn-around-acts-3-11-26/,301,false,false,false,false
familychurch.online/sermons/turning-tables,https://familychurch.online/sermons/turning-tables-genesis-50-15-21/,301,false,false,false,false
familychurch.online/sermons/unburdened,https://familychurch.online/sermons/unburdend-by-the-symphony-of-the-spirit-acts-15-12-35/,301,false,false,false,false
familychurch.online/sermons/understanding-serving-god,https://familychurch.online/sermons/understanding-serving-god-colossians-3-23-24/,301,false,false,false,false
familychurch.online/sermons/unwrap-this-christmas,https://familychurch.online/sermons/unwrap-this-christmas-psalm-98-7-9/,301,false,false,false,false
familychurch.online/sermons/wake-up,https://familychurch.online/sermons/when-reputation-hides-reality-revelation-3-1-6/,301,false,false,false,false
familychurch.online/sermons/what-are-you-planning-tor-2026,https://familychurch.online/sermons/what-are-you-planning-for-2026-romans-12-9-13/,301,false,false,false,false
familychurch.online/sermons/what-are-you-waiting-for,https://familychurch.online/sermons/what-are-you-waiting-for-acts-10-39-48/,301,false,false,false,false
familychurch.online/sermons/what-do-you-treasure,https://familychurch.online/sermons/what-do-you-treasure-luke-2-16-20/,301,false,false,false,false
familychurch.online/sermons/what-happens-when-we-die,https://familychurch.online/sermons/what-happens-when-we-die-luke-23-39-43/,301,false,false,false,false
familychurch.online/sermons/what-is-a-new-song,https://familychurch.online/sermons/what-is-baptism-galatians-3-26-27/,301,false,false,false,false
familychurch.online/sermons/what-is-baptism,https://familychurch.online/sermons/what-is-baptism-galatians-3-26-27/,301,false,false,false,false
familychurch.online/sermons/what-is-baptism-ii,https://familychurch.online/sermons/what-is-baptism-ii-romans-6-1-4/,301,false,false,false,false
familychurch.online/sermons/what-is-gods-will-for-me,https://familychurch.online/sermons/what-is-god-s-will-for-me-jeremiah-9-23-24/,301,false,false,false,false
familychurch.online/sermons/what-is-it-to-be-filled-with-the-holy-spirit,https://familychurch.online/sermons/what-is-it-to-be-filled-with-the-holy-spirit-acts-19-1-10/,301,false,false,false,false
familychurch.online/sermons/what-is-your-purpose,https://familychurch.online/sermons/what-is-your-purpose-psalm-139-13-17/,301,false,false,false,false
familychurch.online/sermons/what-jesus-longs-for,https://familychurch.online/sermons/what-jesus-longs-for-luke-19-37-44/,301,false,false,false,false
familychurch.online/sermons/when-in-rome,https://familychurch.online/sermons/when-in-rome-acts-28-17-31/,301,false,false,false,false
familychurch.online/sermons/when-jesus-stood,https://familychurch.online/sermons/where-jesus-stood-acts-6-8-7-60/,301,false,false,false,false
familychurch.online/sermons/when-you-feel-like-nicodemus,https://familychurch.online/sermons/when-you-feel-like-nicodemus-john-19-38-42/,301,false,false,false,false
familychurch.online/sermons/where-justice-and-mercy-meet,https://familychurch.online/sermons/where-justice-and-mercy-meet-acts-13-13-52/,301,false,false,false,false
familychurch.online/sermons/while-we-wait-again,https://familychurch.online/sermons/while-we-wait-again-exodus-2-15-22/,301,false,false,false,false
familychurch.online/sermons/who-do-i-live-for,https://familychurch.online/sermons/who-do-i-live-for-galatians-2-19-21/,301,false,false,false,false
familychurch.online/sermons/who-is-the-servant-in-isaiah-and-what-difference-does-it-make,https://familychurch.online/sermons/who-is-the-servant-in-isaiah-and-what-difference-does-it-make-isaiah-53-4-6/,301,false,false,false,false
familychurch.online/sermons/why-is-life-so-hard,https://familychurch.online/sermons/why-is-life-so-hard-hebrews-12-3-11/,301,false,false,false,false
familychurch.online/sermons/why-the-long-sermon,https://familychurch.online/sermons/why-the-long-sermon-acts-20-1-16/,301,false,false,false,false
familychurch.online/sermons/why-we-do-the-things-we-do,https://familychurch.online/sermons/why-we-do-the-things-we-do-1-thessalonians-2-9-12/,301,false,false,false,false
familychurch.online/sermons/will-your-anchor-hold,https://familychurch.online/sermons/will-your-anchor-hold-hebrews-6-13-20/,301,false,false,false,false
familychurch.online/sermons/wisdom,https://familychurch.online/sermons/being-human-part-3-wisdom-matthew-9-35-38/,301,false,false,false,false
familychurch.online/sermons/xqw4akc6vjcs1ay1r6q5sg4g0skt86,https://familychurch.online/sermons/walking-worthy-ephesians-4-1-3/,301,false,false,false,false
familychurch.online/sermons/you-are-witnesses,https://familychurch.online/sermons/you-are-witnesses-luke-24-36-49/,301,false,false,false,false
familychurch.online/sermons/your-place-at-the-table,https://familychurch.online/sermons/your-place-at-the-table-luke-22-14-23/,301,false,false,false,false
familychurch.online/senior-prep-church,https://familychurch.online/kids-church/senior/,301,false,true,false,false
familychurch.online/pre-school-church,https://familychurch.online/kids-church/pre-school/,301,false,true,false,false
familychurch.online/junior-prep-church,https://familychurch.online/kids-church/junior/,301,false,true,false,false
familychurch.online/church-anytime,https://familychurch.online/sermons/,301,false,true,false,false
familychurch.online/amplified,https://familychurch.online/amplify/,301,false,true,false,false
familychurch.online/whats-happening,https://familychurch.online/events/,301,false,true,false,false
familychurch.online/news/isaiah-4110-the-antidote-to-fear-and-despair,https://familychurch.online/guides/2026-08-29-isaiah-41-10-the-antidote-to-fear-and-despair/,301,false,false,false,false
familychurch.online/news,https://familychurch.online/events/,301,false,true,false,false
familychurch.online/guides,https://familychurch.online/guides/,301,false,false,false,false
familychurch.online/guides/how-to-study-the-bible,https://familychurch.online/guides/2026-08-29-how-to-study-the-bible/,301,false,false,false,false
familychurch.online/guides/isaiah-4110-the-antidote-to-fear-and-despair,https://familychurch.online/guides/2026-08-29-isaiah-41-10-the-antidote-to-fear-and-despair/,301,false,false,false,false
familychurch.online/about,https://familychurch.online/about/,301,false,false,false,false
familychurch.online/home,https://familychurch.online/,301,false,false,false,false
familychurch.online/kids-church,https://familychurch.online/kids-church/,301,false,false,false,false
familychurch.online/privacy-policy,https://familychurch.online/privacy-policy/,301,false,false,false,false
familychurch.online/services,https://familychurch.online/services/,301,false,false,false,false
familychurch.online/statement-of-faith,https://familychurch.online/statement-of-faith/,301,false,false,false,false
familychurch.online/terms-of-service,https://familychurch.online/terms-of-service/,301,false,false,false,false
familychurch.online/video,https://familychurch.online/video/,301,false,false,false,false
familychurch.online/our-people,https://familychurch.online/about/#our-people,301,false,false,false,false
familychurch.online/how-to-read-the-bible,https://familychurch.online/guides/2026-08-29-how-to-study-the-bible/,301,false,false,false,false
familychurch.online/audio,https://familychurch.online/video#audio,301,false,false,false,false
familychurch.online/catch-up,https://familychurch.online/video#catchup,301,false,false,false,false
familychurch.online/chronological-bible-reading-plan,https://familychurch.online/today#readings,301,false,false,false,false
familychurch.online/connected-reading-plan,https://familychurch.online/today#readings,301,false,false,false,false
familychurch.online/esv-bible-plan,https://familychurch.online/today#readings,301,false,false,false,false
familychurch.online/daily-devotions,https://familychurch.online/today,301,false,false,false,false
familychurch.online/sitemap.xml,https://familychurch.online/sitemap-index.xml,301,false,false,false,false
familychurch.online/sermons/2022-07-03-247-faith,https://familychurch.online/sermons/247-faith-proverbs-3-5-6/,301,false,false,false,false
familychurch.online/sermons/2020-11-01-jesus-invites-us,https://familychurch.online/sermons/jesus-invites-us-1-corinthians-11-23-29/,301,false,false,false,false
familychurch.online/sermons/2025-07-13-fight-or-flight,https://familychurch.online/sermons/fight-or-flight-acts-14-1-7/,301,false,false,false,false
familychurch.online/sermons/2024-02-18-are-you-free,https://familychurch.online/sermons/are-you-free-galatians-2-1-10/,301,false,false,false,false
familychurch.online/sermons/2024-02-25-the-table-of-freedom,https://familychurch.online/sermons/the-table-of-freedom-galatians-2-11-14/,301,false,false,false,false
familychurch.online/sermons/2025-06-15-give-god-the-glory,https://familychurch.online/sermons/give-god-the-glory-acts-12-20-25/,301,false,false,false,false
familychurch.online/sermons/2022-04-17-the-end-of-death,https://familychurch.online/sermons/the-end-of-death-1-corinthians-15-12-15/,301,false,false,false,false
familychurch.online/sermons/2023-02-05-the-strength-of-weakness,https://familychurch.online/sermons/the-strength-of-weakness-ephesians-3-7-10/,301,false,false,false,false
familychurch.online/sermons/2021-06-06-a-body-prepared,https://familychurch.online/sermons/a-body-prepared-hebrews-10-1-10/,301,false,false,false,false
familychurch.online/sermons/2023-06-11-a-christ-like-life,https://familychurch.online/sermons/a-christ-like-life-ephesians-4-29-32/,301,false,false,false,false
familychurch.online/sermons/2026-09-13-fix-your-eyes-on-gods-throne-rev-4-1-4,https://familychurch.online/sermons/fix-your-eyes-on-god-s-throne-revelation-4-1-4/,301,false,false,false,false
familychurch.online/sermons/2025-04-27-a-life-worth-raising,https://familychurch.online/sermons/a-life-worth-raising-acts-9-36-43/,301,false,false,false,false
familychurch.online/sermons/2021-05-16-a-pure-conscience,https://familychurch.online/sermons/a-pure-conscience-hebrews-9-11-14/,301,false,false,false,false
familychurch.online/sermons/2020-12-06-a-table-before-me,https://familychurch.online/sermons/a-table-before-me-psalm-23-1-6/,301,false,false,false,false
familychurch.online/sermons/2023-01-29-a-worthy-mystery,https://familychurch.online/sermons/a-worthy-mystery-ephesians-3-1-6/,301,false,false,false,false
familychurch.online/sermons/2023-04-30-absolute-victory,https://familychurch.online/sermons/absolute-victory-ephesians-4-7-11/,301,false,false,false,false
familychurch.online/sermons/2025-09-21-access-granted,https://familychurch.online/sermons/access-granted-acts-16-1-5/,301,false,false,false,false
familychurch.online/sermons/2026-08-23-adding-to-your-faith-2peter-1-3-11,https://familychurch.online/sermons/adding-to-your-faith-2-peter-1-3-11/,301,false,false,false,false
familychurch.online/sermons/2025-03-02-are-things-falling-apart-or-into-place,https://familychurch.online/sermons/are-things-falling-apart-or-into-place-acts-8-1-8/,301,false,false,false,false
familychurch.online/sermons/2021-10-16-are-we-pleasing-god,https://familychurch.online/sermons/are-we-pleasing-god-hebrews-13-15-19/,301,false,false,false,false
familychurch.online/sermons/2021-10-16-are-we-pleasing-god,https://familychurch.online/sermons/are-we-pleasing-god-hebrews-13-15-19/,301,false,false,false,false
familychurch.online/sermons/2024-05-12-are-you-free,https://familychurch.online/sermons/are-you-free-galatians-3-21-26/,301,false,false,false,false
familychurch.online/sermons/2024-02-04-are-you-responding-to-gods-calling,https://familychurch.online/sermons/are-you-responding-to-god-s-calling-galatians-1-15-18/,301,false,false,false,false
familychurch.online/sermons/2022-07-16-are-you-worthy,https://familychurch.online/sermons/are-you-worthy-2-thessalonians-1-5-12/,301,false,false,false,false
familychurch.online/sermons/2021-04-10-as-it-is-in-heaven,https://familychurch.online/sermons/as-it-is-in-heaven-hebrews-8-1-6/,301,false,false,false,false
familychurch.online/sermons/2020-05-22-good-reminder,https://familychurch.online/sermons/good-reminder-acts-1-1-11/,301,false,false,false,false
familychurch.online/sermons/2023-07-16-ask-and-tell,https://familychurch.online/sermons/ask-and-tell-deuteronomy-32-7/,301,false,false,false,false
familychurch.online/sermons/2022-05-22-at-last,https://familychurch.online/sermons/at-last-1-thessalonians-4-13-18/,301,false,false,false,false
familychurch.online/sermons/2021-04-24-baptism,https://familychurch.online/sermons/baptism-galatians-3-23-29/,301,false,false,false,false
familychurch.online/sermons/2021-04-24-baptism,https://familychurch.online/sermons/baptism-galatians-3-23-29/,301,false,false,false,false
familychurch.online/sermons/2023-12-03-baptism-sunday,https://familychurch.online/sermons/baptism-sunday-matthew-28-16-20/,301,false,false,false,false
familychurch.online/sermons/2023-11-25-baptism-what-does-it-do,https://familychurch.online/sermons/baptism-what-does-it-do-acts-10-34-48/,301,false,false,false,false
familychurch.online/sermons/2022-08-07-is-christianity-the-same-as-other-religions,https://familychurch.online/sermons/is-christianity-the-same-as-other-religions-2-thessalonians-2-13-17/,301,false,false,false,false
familychurch.online/sermons/2022-08-07-is-christianity-the-same-as-other-religions,https://familychurch.online/sermons/is-christianity-the-same-as-other-religions-2-thessalonians-2-13-17/,301,false,false,false,false
familychurch.online/sermons/2022-08-07-is-christianity-the-same-as-other-religions,https://familychurch.online/sermons/is-christianity-the-same-as-other-religions-2-thessalonians-2-13-17/,301,false,false,false,false
familychurch.online/sermons/2022-08-07-is-christianity-the-same-as-other-religions,https://familychurch.online/sermons/is-christianity-the-same-as-other-religions-2-thessalonians-2-13-17/,301,false,false,false,false
familychurch.online/sermons/2023-11-12-be-a-tychicus,https://familychurch.online/sermons/be-a-tychicus-ephesians-6-21-24/,301,false,false,false,false
familychurch.online/sermons/2021-07-11-11-july-2021-believing-is-not-seeing-sermonmp4,https://familychurch.online/sermons/11-july-2021-believing-is-not-seeing-sermon-mp4-hebrews-11-1-3/,301,false,false,false,false
familychurch.online/sermons/2022-04-15-beloved-of-jesus,https://familychurch.online/sermons/beloved-of-jesus-1-john-1-1-4/,301,false,false,false,false
familychurch.online/sermons/2023-12-25-the-insiders-joseph,https://familychurch.online/sermons/the-insiders-joseph-matthew-1-18-25/,301,false,false,false,false
familychurch.online/sermons/2025-09-14-bible-study-explained,https://familychurch.online/sermons/bible-study-explained-luke-24-25-32/,301,false,false,false,false
familychurch.online/sermons/2022-03-26-breaking-down-the-walls,https://familychurch.online/sermons/breaking-down-the-walls-joshua-2-1-15/,301,false,false,false,false
familychurch.online/sermons/2022-03-26-breaking-down-the-walls,https://familychurch.online/sermons/breaking-down-the-walls-joshua-2-1-15/,301,false,false,false,false
familychurch.online/sermons/2023-04-09-bring-all-your-stuff,https://familychurch.online/sermons/bring-all-your-stuff-mark-16-5-8/,301,false,false,false,false
familychurch.online/sermons/2023-01-22-built-for-something-bigger,https://familychurch.online/sermons/built-for-something-bigger-ephesians-2-19-22/,301,false,false,false,false
familychurch.online/sermons/2025-05-11-authenticated,https://familychurch.online/sermons/authenticated-acts-10-34-48/,301,false,false,false,false
familychurch.online/sermons/2021-12-26-receiving-the-greatest-gift,https://familychurch.online/sermons/receiving-the-greatest-gift-micah-5-2-4/,301,false,false,false,false
familychurch.online/sermons/2021-05-08-camping-with-god,https://familychurch.online/sermons/camping-with-god-hebrews-9-1-10/,301,false,false,false,false
familychurch.online/sermons/2020-11-22-can-my-faith-save-others,https://familychurch.online/sermons/can-my-faith-save-others-1-corinthians-7-10-16/,301,false,false,false,false
familychurch.online/sermons/2026-07-12-can-tolerance-be-wrong,https://familychurch.online/sermons/can-tolerance-be-wrong-revelation-2-12-17/,301,false,false,false,false
familychurch.online/sermons/2021-02-14-can-we-worship-without-singing,https://familychurch.online/sermons/can-we-worship-without-singing-1-peter-1-8-9/,301,false,false,false,false
familychurch.online/sermons/2026-04-19-carried-along,https://familychurch.online/sermons/carried-along-acts-27-1-26/,301,false,false,false,false
familychurch.online/sermons/2024-08-04-carrying-each-other,https://familychurch.online/sermons/carrying-each-other-galatians-6-1-10/,301,false,false,false,false
familychurch.online/sermons/2020-09-27-chewing-our-own-food,https://familychurch.online/sermons/chewing-our-own-food-hebrews-5-11-14/,301,false,false,false,false
familychurch.online/sermons/2026-08-16-choosing-joy-in-weakness-habakkuk-3-17-19,https://familychurch.online/sermons/choosing-joy-in-weakness-habakkuk-3-17-19/,301,false,false,false,false
familychurch.online/sermons/2024-09-22-chosen,https://familychurch.online/sermons/chosen-acts-1-12-26/,301,false,false,false,false
familychurch.online/sermons/2026-09-06-chosen-for-baptism-acts-2-36-41,https://familychurch.online/sermons/chosen-for-baptism-acts-2-36-41/,301,false,false,false,false
familychurch.online/sermons/2024-05-05-christianity-the-opposite-of-all-other-faiths-and-keeping-it-that-way,https://familychurch.online/sermons/christianity-the-opposite-of-all-other-faiths-and-keeping-it-that-way-galatians-3-19-20/,301,false,false,false,false
familychurch.online/sermons/2023-01-08-coming-home-to-hope,https://familychurch.online/sermons/coming-home-to-hope-ephesians-2-11-13/,301,false,false,false,false
familychurch.online/sermons/2023-09-03-being-human-part-2-compassion,https://familychurch.online/sermons/being-human-part-2-compassion-matthew-9-35-38/,301,false,false,false,false
familychurch.online/sermons/2024-02-11-complete-turn-around,https://familychurch.online/sermons/complete-turn-around-galatians-1-11-24/,301,false,false,false,false
familychurch.online/sermons/2025-08-03-complete-under-the-care-of-god,https://familychurch.online/sermons/complete-under-the-care-of-god-acts-14-24-28/,301,false,false,false,false
familychurch.online/sermons/2021-06-27-deadly-deliberate-sin,https://familychurch.online/sermons/deadly-deliberate-sin-hebrews-10-26-31/,301,false,false,false,false
familychurch.online/sermons/2021-07-04-delivery-day,https://familychurch.online/sermons/delivery-day-hebrews-10-32-39/,301,false,false,false,false
familychurch.online/sermons/2024-11-24-different-but-one,https://familychurch.online/sermons/different-but-one-acts-4-32-37/,301,false,false,false,false
familychurch.online/sermons/2025-02-09-do-you-fear-humans-or-god,https://familychurch.online/sermons/do-you-fear-humans-or-god-acts-5-17-42/,301,false,false,false,false
familychurch.online/sermons/2025-10-12-do-you-have-a-jesus-sharing-strategy,https://familychurch.online/sermons/do-you-have-a-jesus-sharing-strategy-acts-17-1-9/,301,false,false,false,false
familychurch.online/sermons/2025-07-20-do-you-have-the-look,https://familychurch.online/sermons/do-you-have-the-look-acts-14-8-18/,301,false,false,false,false
familychurch.online/sermons/2021-12-19-do-you-see-the-glory-of-god,https://familychurch.online/sermons/do-you-see-the-glory-of-god-isaiah-40-3-5/,301,false,false,false,false
familychurch.online/sermons/2021-12-19-do-you-see-the-glory-of-god,https://familychurch.online/sermons/do-you-see-the-glory-of-god-isaiah-40-3-5/,301,false,false,false,false
familychurch.online/sermons/2026-02-15-does-grace-replace-the-law,https://familychurch.online/sermons/does-grace-replace-the-law-acts-21-17-26/,301,false,false,false,false
familychurch.online/sermons/2021-11-20-does-prophecy-happen-today,https://familychurch.online/sermons/does-prophecy-happen-today-1-corinthians-14-1-5/,301,false,false,false,false
familychurch.online/sermons/2021-11-20-does-prophecy-happen-today,https://familychurch.online/sermons/does-prophecy-happen-today-1-corinthians-14-1-5/,301,false,false,false,false
familychurch.online/sermons/2022-03-06-dont-waste-your-investment,https://familychurch.online/sermons/don-t-waste-your-investment-1-thessalonians-3-1-5/,301,false,false,false,false
familychurch.online/sermons/2025-05-04-embracing-game-changing-moments,https://familychurch.online/sermons/embracing-game-changing-moments-acts-10-1-33/,301,false,false,false,false
familychurch.online/sermons/2024-07-28-embracing-gods-lovejoy-and-peace,https://familychurch.online/sermons/embracing-god-s-love-joy-and-peace-philippians-4-4-9/,301,false,false,false,false
familychurch.online/sermons/2021-03-06-empty-religion,https://familychurch.online/sermons/empty-religion-2-timothy-3-1-7/,301,false,false,false,false
familychurch.online/sermons/2020-05-17-enemy-defeated-children-delivered,https://familychurch.online/sermons/enemy-defeated-children-delivered-hebrews-2-14-18/,301,false,false,false,false
familychurch.online/sermons/2020-06-14-enter-his-rest,https://familychurch.online/sermons/enter-his-rest-hebrews-3-16-19/,301,false,false,false,false
familychurch.online/sermons/2026-04-05-eternally-satisfied,https://familychurch.online/sermons/eternally-satisfied-isaiah-53-8-12/,301,false,false,false,false
familychurch.online/sermons/2026-03-15-even-though-we-walk-through-the-valley,https://familychurch.online/sermons/even-though-we-walk-through-the-valley-acts-23-12-35/,301,false,false,false,false
familychurch.online/sermons/2024-09-08-every-last-opportunity,https://familychurch.online/sermons/every-last-opportunity-luke-23-26-43/,301,false,false,false,false
familychurch.online/sermons/2026-05-03-evidence-for-christianity,https://familychurch.online/sermons/evidence-for-christianity-acts-28-1-10/,301,false,false,false,false
familychurch.online/sermons/2021-10-10-excluded-to-be-included,https://familychurch.online/sermons/excluded-to-be-included-hebrews-13-7-14/,301,false,false,false,false
familychurch.online/sermons/2023-07-09-exposing-darkness-with-light,https://familychurch.online/sermons/exposing-darkness-with-light-ephesians-5-7-14/,301,false,false,false,false
familychurch.online/sermons/2025-10-19-fact-checking-like-a-berean,https://familychurch.online/sermons/fact-checking-like-a-berean-acts-17-10-15/,301,false,false,false,false
familychurch.online/sermons/2025-03-09-fake-faith,https://familychurch.online/sermons/fake-faith-acts-8-9-25/,301,false,false,false,false
familychurch.online/sermons/2022-07-24-fake-news,https://familychurch.online/sermons/fake-news-2-thessalonians-2-1-6/,301,false,false,false,false
familychurch.online/sermons/2022-07-24-fake-news,https://familychurch.online/sermons/fake-news-2-thessalonians-2-1-6/,301,false,false,false,false
familychurch.online/sermons/2025-08-31-fasting-explained,https://familychurch.online/sermons/fasting-explained-matthew-6-16-18/,301,false,false,false,false
familychurch.online/sermons/2025-04-06-fear-and-comfort,https://familychurch.online/sermons/fear-and-comfort-acts-9-26-35/,301,false,false,false,false
familychurch.online/sermons/2025-04-12-fighting-like-jesus,https://familychurch.online/sermons/fighting-like-jesus-luke-19-41-48/,301,false,false,false,false
familychurch.online/sermons/2021-03-13-first-love-why-we-serve,https://familychurch.online/sermons/first-love-why-we-serve-revelation-2-1-7/,301,false,false,false,false
familychurch.online/sermons/2021-07-17-fighting-fear-and-finding-purpose,https://familychurch.online/sermons/fighting-fear-and-finding-purpose-hebrews-11-4-12/,301,false,false,false,false
familychurch.online/sermons/2024-08-18-forgiveness,https://familychurch.online/sermons/forgiveness-luke-7-36-50/,301,false,false,false,false
familychurch.online/sermons/2023-04-07-forsaken,https://familychurch.online/sermons/forsaken-mark-15-33-35/,301,false,false,false,false
familychurch.online/sermons/2023-11-19-foundations,https://familychurch.online/sermons/foundations-matthew-22-37-39/,301,false,false,false,false
familychurch.online/sermons/2026-04-12-freedom,https://familychurch.online/sermons/freedom-acts-25-1-26-32/,301,false,false,false,false
familychurch.online/sermons/2024-07-21-fruit-of-the-flesh,https://familychurch.online/sermons/fruit-of-the-flesh-galatians-5-16-23/,301,false,false,false,false
familychurch.online/sermons/2023-02-19-fully-loaded-with-love,https://familychurch.online/sermons/fully-loaded-with-love-ephesians-3-14-19/,301,false,false,false,false
familychurch.online/sermons/2023-05-28-get-dresses,https://familychurch.online/sermons/get-dresses-ephesians-4-20-24/,301,false,false,false,false
familychurch.online/sermons/2023-05-21-get-out-of-the-dark,https://familychurch.online/sermons/get-out-of-the-dark-ephesians-4-17-19/,301,false,false,false,false
familychurch.online/sermons/2023-04-02-get-ready-for-something-huge,https://familychurch.online/sermons/get-ready-for-something-huge-john-12-12-19/,301,false,false,false,false
familychurch.online/sermons/2022-11-20-get-up-and-walk,https://familychurch.online/sermons/get-up-and-walk-ephesians-2-1-3/,301,false,false,false,false
familychurch.online/sermons/2025-10-26-getting-to-know-the-unknown-god,https://familychurch.online/sermons/getting-to-know-the-unknown-god-acts-17-16-34/,301,false,false,false,false
familychurch.online/sermons/2020-07-26-while-we-wait,https://familychurch.online/sermons/while-we-wait-john-2-1-11/,301,false,false,false,false
familychurch.online/sermons/2023-01-15-who-is-our-peace,https://familychurch.online/sermons/who-is-our-peace-ephesians-2-13-18/,301,false,false,false,false
familychurch.online/sermons/2021-01-31-god-hears-us-above-the-waves,https://familychurch.online/sermons/god-hears-us-above-the-waves-matthew-6-5-13/,301,false,false,false,false
familychurch.online/sermons/2021-02-06-god-hears-us-above-the-waves-ii,https://familychurch.online/sermons/god-hears-us-above-the-waves-ii-matthew-6-5-15/,301,false,false,false,false
familychurch.online/sermons/2020-08-23-gods-patience-waits,https://familychurch.online/sermons/god-s-patience-waits-1-peter-3-18-22/,301,false,false,false,false
familychurch.online/sermons/2025-03-30-gods-purpose-blueprint,https://familychurch.online/sermons/god-s-purpose-blueprint-acts-9-23-31/,301,false,false,false,false
familychurch.online/sermons/2020-09-06-gods-story-cant-be-edited,https://familychurch.online/sermons/god-s-story-can-t-be-edited-daniel-1-1-7/,301,false,false,false,false
familychurch.online/sermons/2021-01-24-gods-voice-is-louder-than-any-wave-ii,https://familychurch.online/sermons/god-s-voice-is-louder-than-any-wave-ii-psalm-119-145-152/,301,false,false,false,false
familychurch.online/sermons/2021-01-16-gods-word-is-louder-than-any-wave,https://familychurch.online/sermons/god-s-word-is-louder-than-any-wave-2-timothy-3-12-17/,301,false,false,false,false
familychurch.online/sermons/2023-06-18-a-good-imitation,https://familychurch.online/sermons/a-good-imitation-ephesians-5-1-2/,301,false,false,false,false
familychurch.online/sermons/2022-02-20-grateful-for-wrath,https://familychurch.online/sermons/grateful-for-wrath-1-thessalonians-2-13-16/,301,false,false,false,false
familychurch.online/sermons/2022-02-20-grateful-for-wrath,https://familychurch.online/sermons/grateful-for-wrath-1-thessalonians-2-13-16/,301,false,false,false,false
familychurch.online/sermons/2025-06-01-greater-things-than-these,https://familychurch.online/sermons/greater-things-than-these-acts-12-1-5/,301,false,false,false,false
familychurch.online/sermons/2026-08-30-guard-your-thoughts-philippians-4-8-9,https://familychurch.online/sermons/guard-your-thoughts-philippians-4-8-9/,301,false,false,false,false
familychurch.online/sermons/2020-05-31-hard-hearts-find-no-rest,https://familychurch.online/sermons/hard-hearts-find-no-rest-hebrews-3-7-11/,301,false,false,false,false
familychurch.online/sermons/2024-10-06-hes-on-the-throne,https://familychurch.online/sermons/he-s-on-the-throne-acts-2-14-41/,301,false,false,false,false
familychurch.online/sermons/2026-06-07-he-who-is,https://familychurch.online/sermons/he-who-is-revelation-1-4-8/,301,false,false,false,false
familychurch.online/sermons/2021-06-19-stirring-the-heart,https://familychurch.online/sermons/stirring-the-heart-hebrews-10-19-25/,301,false,false,false,false
familychurch.online/sermons/2023-07-23-heaven-in-the-home,https://familychurch.online/sermons/heaven-in-the-home-ephesians-5-15-21/,301,false,false,false,false
familychurch.online/sermons/2026-07-05-hes-been-there,https://familychurch.online/sermons/he-s-been-there-revelation-2-8-11/,301,false,false,false,false
familychurch.online/sermons/2023-06-04-honestly,https://familychurch.online/sermons/honestly-ephesians-4-25-28/,301,false,false,false,false
familychurch.online/sermons/2022-04-23-hope-fear-fitting-in,https://familychurch.online/sermons/hope-fear-fitting-in-1-thessalonians-3-6-13/,301,false,false,false,false
familychurch.online/sermons/2020-12-27-hope-for-2021,https://familychurch.online/sermons/hope-for-2021-luke-3-1-6/,301,false,false,false,false
familychurch.online/sermons/2022-06-26-how-are-you-labelled,https://familychurch.online/sermons/how-are-you-labelled-ephesians-2-8-10/,301,false,false,false,false
familychurch.online/sermons/2020-12-20-how-can-we-hear-from-god-ii,https://familychurch.online/sermons/how-can-we-hear-from-god-ii-luke-2-36-38/,301,false,false,false,false
familychurch.online/sermons/2025-09-28-how-do-we-hear-from-god,https://familychurch.online/sermons/how-do-we-hear-from-god-acts-16-6-15/,301,false,false,false,false
familychurch.online/sermons/2026-02-08-how-do-we-hear-god-speaking,https://familychurch.online/sermons/how-do-we-hear-god-speaking-acts-21-1-16/,301,false,false,false,false
familychurch.online/sermons/2026-03-01-how-has-jesus-changed-you,https://familychurch.online/sermons/how-has-jesus-changed-you-acts-22-1-29/,301,false,false,false,false
familychurch.online/sermons/2021-08-08-how-to-have-more-faith,https://familychurch.online/sermons/how-to-have-more-faith-hebrews-11-20-31/,301,false,false,false,false
familychurch.online/sermons/2021-08-08-how-to-have-more-faith,https://familychurch.online/sermons/how-to-have-more-faith-hebrews-11-20-31/,301,false,false,false,false
familychurch.online/sermons/2021-08-08-how-to-have-more-faith,https://familychurch.online/sermons/how-to-have-more-faith-hebrews-11-20-31/,301,false,false,false,false
familychurch.online/sermons/2024-11-17-how-to-overcome-adversity,https://familychurch.online/sermons/how-to-overcome-adversity-acts-4-23-31/,301,false,false,false,false
familychurch.online/sermons/2022-09-04-how-to-pass-our-faith-on,https://familychurch.online/sermons/how-to-pass-our-faith-on-isaiah-43-1-4/,301,false,false,false,false
familychurch.online/sermons/2021-02-28-how-do-we-worship,https://familychurch.online/sermons/how-do-we-worship-ephesians-3-14-21/,301,false,false,false,false
familychurch.online/sermons/2023-08-27-being-human-part-1-humility,https://familychurch.online/sermons/being-human-part-1-humility-matthew-9-35/,301,false,false,false,false
familychurch.online/sermons/2023-08-27-being-human-part-1-humility,https://familychurch.online/sermons/being-human-part-1-humility-matthew-9-35/,301,false,false,false,false
familychurch.online/sermons/2026-01-18-idolising-business,https://familychurch.online/sermons/idolising-business-acts-19-21-41/,301,false,false,false,false
familychurch.online/sermons/2020-10-04-if-god-permits-we-will-do,https://familychurch.online/sermons/if-god-permits-we-will-do-hebrews-6-1-3/,301,false,false,false,false
familychurch.online/sermons/2022-11-06-praying-for-wealth-ii-immeasurable-power,https://familychurch.online/sermons/praying-for-wealth-ii-immeasurable-power-ephesians-1-17-20/,301,false,false,false,false
familychurch.online/sermons/2022-11-13-above-every-name,https://familychurch.online/sermons/above-every-name-ephesians-1-21-23/,301,false,false,false,false
familychurch.online/sermons/2024-10-27-the-name-of-jesus,https://familychurch.online/sermons/the-name-of-jesus-acts-3-1-10/,301,false,false,false,false
familychurch.online/sermons/2021-03-28-indestructible,https://familychurch.online/sermons/indestructible-hebrews-7-11-28/,301,false,false,false,false
familychurch.online/sermons/2022-06-05-invited-to-a-feast,https://familychurch.online/sermons/invited-to-a-feast-revelation-19-6-10/,301,false,false,false,false
familychurch.online/sermons/2025-12-25-is-christmas-christian,https://familychurch.online/sermons/is-christmas-christian-romans-14-5-9/,301,false,false,false,false
familychurch.online/sermons/2025-10-05-it-is-war-who-wins,https://familychurch.online/sermons/it-is-war-who-wins-acts-16-16-40/,301,false,false,false,false
familychurch.online/sermons/2026-05-24-jerusalem-receives-the-lion-of-judah,https://familychurch.online/sermons/jerusalem-receives-the-lion-of-judah-joel-2-28-31/,301,false,false,false,false
familychurch.online/sermons/2026-05-17-jerusalem-rejects-the-lamb-of-god,https://familychurch.online/sermons/jerusalem-rejects-the-lamb-of-god-luke-13-34-35/,301,false,false,false,false
familychurch.online/sermons/2025-11-02-jesus-changes-everything,https://familychurch.online/sermons/jesus-changes-everything-acts-18-1-17/,301,false,false,false,false
familychurch.online/sermons/2025-08-24-jesus-never-quits-neither-should-we,https://familychurch.online/sermons/jesus-never-quits-neither-should-we-acts-15-36-41/,301,false,false,false,false
familychurch.online/sermons/2020-08-09-i-just-cant-wait,https://familychurch.online/sermons/i-just-can-t-wait-psalm-2-1-12/,301,false,false,false,false
familychurch.online/sermons/2024-06-23-just-do-it-see-what-happens,https://familychurch.online/sermons/just-do-it-see-what-happens-galatians-4-12-20/,301,false,false,false,false
familychurch.online/sermons/2024-03-03-justified-are-you-a-good-person,https://familychurch.online/sermons/justified-are-you-a-good-person-galatians-2-15-19/,301,false,false,false,false
familychurch.online/sermons/2020-11-29-king-of-righteousness-king-of-peace,https://familychurch.online/sermons/king-of-righteousness-king-of-peace-hebrews-7-1-10/,301,false,false,false,false
familychurch.online/sermons/2022-01-16-labour-of-love-i,https://familychurch.online/sermons/labour-of-love-i-1-thessalonians-1-1-3/,301,false,false,false,false
familychurch.online/sermons/2022-01-23-labour-of-love-ii,https://familychurch.online/sermons/labour-of-love-ii-1-thessalonians-1-4-10/,301,false,false,false,false
familychurch.online/sermons/2022-01-23-labour-of-love-ii,https://familychurch.online/sermons/labour-of-love-ii-1-thessalonians-1-4-10/,301,false,false,false,false
familychurch.online/sermons/2020-05-24-leaving-nostalgia,https://familychurch.online/sermons/leaving-nostalgia-hebrews-3-1-6/,301,false,false,false,false
familychurch.online/sermons/2022-05-01-leaving-this-world,https://familychurch.online/sermons/leaving-this-world-1-thessalonians-4-1-8/,301,false,false,false,false
familychurch.online/sermons/2022-05-01-leaving-this-world,https://familychurch.online/sermons/leaving-this-world-1-thessalonians-4-1-8/,301,false,false,false,false
familychurch.online/sermons/2026-02-01-legacy,https://familychurch.online/sermons/legacy-acts-20-17-38/,301,false,false,false,false
familychurch.online/sermons/2021-07-31-let-go-let-god-and-get-going,https://familychurch.online/sermons/let-go-let-god-and-get-going-hebrews-11-17-19/,301,false,false,false,false
familychurch.online/sermons/2026-02-22-listening-first,https://familychurch.online/sermons/listening-first-acts-21-27-40/,301,false,false,false,false
familychurch.online/sermons/2020-07-19-the-living-and-active-rest,https://familychurch.online/sermons/the-living-and-active-rest-hebrews-4-8-13/,301,false,false,false,false
familychurch.online/sermons/2020-09-14-long-term-planning,https://familychurch.online/sermons/long-term-planning-hebrews-5-1-6/,301,false,false,false,false
familychurch.online/sermons/2022-06-19-looking-after-your-body,https://familychurch.online/sermons/looking-after-your-body-1-thessalonians-5-19-28/,301,false,false,false,false
familychurch.online/sermons/2026-08-09-lukewarm,https://familychurch.online/sermons/lukewarm-revelation-3-14-22/,301,false,false,false,false
familychurch.online/sermons/2023-03-19-made-for-awe-and-wonder,https://familychurch.online/sermons/made-for-awe-and-wonder-romans-11-36-12-2/,301,false,false,false,false
familychurch.online/sermons/2025-11-09-making-jesus-team,https://familychurch.online/sermons/making-jesus-team-acts-18-18-28/,301,false,false,false,false
familychurch.online/sermons/2021-02-22-marks-of-the-spirit-filled-church,https://familychurch.online/sermons/marks-of-the-spirit-filled-church-acts-2-42-47/,301,false,false,false,false
familychurch.online/sermons/2023-07-30-marriage-made-in-heaven,https://familychurch.online/sermons/marriage-made-in-heaven-ephesians-5-22-30/,301,false,false,false,false
familychurch.online/sermons/2026-01-04-new-beginnings,https://familychurch.online/sermons/new-beginnings-matthew-1-1/,301,false,false,false,false
familychurch.online/sermons/2024-06-30-no-accidents-no-mistakes,https://familychurch.online/sermons/no-accidents-no-mistakes-galatians-4-21-31/,301,false,false,false,false
familychurch.online/sermons/2024-06-09-no-going-back,https://familychurch.online/sermons/no-going-back-galatians-4-8-11/,301,false,false,false,false
familychurch.online/sermons/2024-06-09-no-going-back,https://familychurch.online/sermons/no-going-back-galatians-4-8-11/,301,false,false,false,false
familychurch.online/sermons/2024-01-14-no-other-gospel,https://familychurch.online/sermons/no-other-gospel-galatians-1-1-5/,301,false,false,false,false
familychurch.online/sermons/2025-03-23-none-so-blind,https://familychurch.online/sermons/none-so-blind-acts-9-1-22/,301,false,false,false,false
familychurch.online/sermons/2020-05-10-not-ashamed,https://familychurch.online/sermons/not-ashamed-hebrews-2-10-13/,301,false,false,false,false
familychurch.online/sermons/2022-06-12-now-that-youre-ready,https://familychurch.online/sermons/now-that-you-re-ready-1-thessalonians-5-12-18/,301,false,false,false,false
familychurch.online/sermons/2024-07-14-what-does-god-want-you-to-do,https://familychurch.online/sermons/what-does-god-want-you-to-do-galatians-5-13-15/,301,false,false,false,false
familychurch.online/sermons/2020-06-21-on-the-fathers-shoulders,https://familychurch.online/sermons/on-the-father-s-shoulders-numbers-14-28-33/,301,false,false,false,false
familychurch.online/sermons/2022-07-10-on-the-road-to-completion,https://familychurch.online/sermons/on-the-road-to-completion-2-thessalonians-1-1-4/,301,false,false,false,false
familychurch.online/sermons/2023-04-23-one-way,https://familychurch.online/sermons/one-way-ephesians-4-4-6/,301,false,false,false,false
familychurch.online/sermons/2024-11-09-only-jesus,https://familychurch.online/sermons/only-jesus-acts-4-1-22/,301,false,false,false,false
familychurch.online/sermons/2026-08-02-open-and-shut,https://familychurch.online/sermons/open-and-shut-revelation-3-7-12/,301,false,false,false,false
familychurch.online/sermons/2021-05-30-the-ideal-wait,https://familychurch.online/sermons/the-ideal-wait-hebrews-9-24-28/,301,false,false,false,false
familychurch.online/sermons/2020-12-25-our-strength-our-song,https://familychurch.online/sermons/our-strength-our-song-isaiah-12-2/,301,false,false,false,false
familychurch.online/sermons/2021-05-22-pentecost-last-will-and-testament,https://familychurch.online/sermons/pentecost-last-will-and-testament-hebrews-9-15-23/,301,false,false,false,false
familychurch.online/sermons/2024-08-11-personal-commitment,https://familychurch.online/sermons/personal-commitment-galatians-6-11-18/,301,false,false,false,false
familychurch.online/sermons/2024-04-14-personal-experience,https://familychurch.online/sermons/personal-experience-galatians-3-1-5/,301,false,false,false,false
familychurch.online/sermons/2023-02-26-praying-for-power,https://familychurch.online/sermons/praying-for-power-ephesians-3-20-21/,301,false,false,false,false
familychurch.online/sermons/2023-11-05-praying-in-the-spirit,https://familychurch.online/sermons/praying-in-the-spirit-ephesians-6-18-20/,301,false,false,false,false
familychurch.online/sermons/2026-06-28-preparing-the-soil,https://familychurch.online/sermons/preparing-the-soil-matthew-13-1-23/,301,false,false,false,false
familychurch.online/sermons/2024-12-15-prophet-priest-and-king-the-prophet,https://familychurch.online/sermons/prophet-priest-and-king-the-prophet-hebrews-1-1-3/,301,false,false,false,false
familychurch.online/sermons/2026-05-31-reading-hearing-and-keeping-the-word-of-god,https://familychurch.online/sermons/reading-hearing-and-keeping-the-word-of-god-revelation-1-1-3/,301,false,false,false,false
familychurch.online/sermons/2022-12-04-remember-who-you-are,https://familychurch.online/sermons/remember-who-you-are-ephesians-2-8-10/,301,false,false,false,false
familychurch.online/sermons/2024-12-01-remembering-jesus,https://familychurch.online/sermons/remembering-jesus-1-corinthians-11-23-26/,301,false,false,false,false
familychurch.online/sermons/2021-01-03-restart,https://familychurch.online/sermons/restart-matthew-3-13-17/,301,false,false,false,false
familychurch.online/sermons/2025-07-27-rise-up,https://familychurch.online/sermons/rise-up-acts-14-19-23/,301,false,false,false,false
familychurch.online/sermons/2024-07-07-running-free,https://familychurch.online/sermons/running-free-galatians-5-1-12/,301,false,false,false,false
familychurch.online/sermons/2021-09-04-running-through-the-wall,https://familychurch.online/sermons/running-through-the-wall-hebrews-12-12-17/,301,false,false,false,false
familychurch.online/sermons/2023-06-25-sexual-immorality,https://familychurch.online/sermons/sexual-immorality-ephesians-5-3-4/,301,false,false,false,false
familychurch.online/sermons/2025-06-22-set-apart,https://familychurch.online/sermons/set-apart-acts-13-1-3/,301,false,false,false,false
familychurch.online/sermons/2021-10-31-set-apart-by-faith,https://familychurch.online/sermons/set-apart-by-faith-1-corinthians-7-14-16/,301,false,false,false,false
familychurch.online/sermons/2025-08-10-set-them-free,https://familychurch.online/sermons/set-them-free-acts-15-1-11/,301,false,false,false,false
familychurch.online/sermons/2021-09-26-shake-rattle-and-dissolve,https://familychurch.online/sermons/shake-rattle-and-dissolve-hebrews-12-25-29/,301,false,false,false,false
familychurch.online/sermons/2020-05-03-shaken-to-peace,https://familychurch.online/sermons/shaken-to-peace-hebrews-2-10-13/,301,false,false,false,false
familychurch.online/sermons/2023-02-12-shame-to-glory,https://familychurch.online/sermons/shame-to-glory-ephesians-3-11-13/,301,false,false,false,false
familychurch.online/sermons/2026-04-26-shipwrecked-or-rescued,https://familychurch.online/sermons/shipwrecked-or-rescued-acts-27-27-44/,301,false,false,false,false
familychurch.online/sermons/2025-02-02-signs-and-wonders,https://familychurch.online/sermons/signs-and-wonders-acts-5-12-16/,301,false,false,false,false
familychurch.online/sermons/2020-10-18-something-impossible,https://familychurch.online/sermons/something-impossible-hebrews-6-4-9/,301,false,false,false,false
familychurch.online/sermons/2024-09-15-speak-louder-with-your-words-and-acts,https://familychurch.online/sermons/speak-louder-with-your-words-and-acts-acts-1-1-11/,301,false,false,false,false
familychurch.online/sermons/2020-08-30-stay-in-gods-story,https://familychurch.online/sermons/stay-in-god-s-story-jeremiah-1-4-10/,301,false,false,false,false
familychurch.online/sermons/2020-10-25-sure-of-better-things,https://familychurch.online/sermons/sure-of-better-things-hebrews-6-9-12/,301,false,false,false,false
familychurch.online/sermons/2020-06-28-surrender-rest,https://familychurch.online/sermons/surrender-rest-hebrews-4-1-7/,301,false,false,false,false
familychurch.online/sermons/2023-08-20-take-jesus-to-work,https://familychurch.online/sermons/take-jesus-to-work-ephesians-6-5-9/,301,false,false,false,false
familychurch.online/sermons/2021-07-25-telescopic-vision,https://familychurch.online/sermons/telescopic-vision-hebrews-11-13-16/,301,false,false,false,false
familychurch.online/sermons/2022-09-25-tell-them-what-god-has-done-for-you,https://familychurch.online/sermons/tell-them-what-god-has-done-for-you-mark-5-15-20/,301,false,false,false,false
familychurch.online/sermons/2022-09-25-tell-them-what-god-has-done-for-you,https://familychurch.online/sermons/tell-them-what-god-has-done-for-you-mark-5-15-20/,301,false,false,false,false
familychurch.online/sermons/2024-04-21-the-antidote-to-perfection,https://familychurch.online/sermons/the-antidote-to-perfection-galatians-3-6-14/,301,false,false,false,false
familychurch.online/sermons/2024-04-21-the-antidote-to-perfection,https://familychurch.online/sermons/the-antidote-to-perfection-galatians-3-6-14/,301,false,false,false,false
familychurch.online/sermons/2023-09-17-the-armour-of-god,https://familychurch.online/sermons/the-armour-of-god-ephesians-6-10-13/,301,false,false,false,false
familychurch.online/sermons/2025-01-19-the-beauty-of-baptism,https://familychurch.online/sermons/the-beauty-of-baptism-1-peter-3-18-22/,301,false,false,false,false
familychurch.online/sermons/2024-12-29-the-beauty-of-change,https://familychurch.online/sermons/the-beauty-of-change-genesis-9-1-17/,301,false,false,false,false
familychurch.online/sermons/2025-01-11-the-beauty-of-commitment,https://familychurch.online/sermons/the-beauty-of-commitment-1-samuel-1-10-28/,301,false,false,false,false
familychurch.online/sermons/2025-01-05-the-beauty-of-surrender,https://familychurch.online/sermons/the-beauty-of-surrender-genesis-32-22-32/,301,false,false,false,false
familychurch.online/sermons/2021-09-19-2021-09-19-09-26-03-002128884-005404170mp4,https://familychurch.online/sermons/2021-09-19-09-26-03-00-21-28-884-00-54-04-170-mp4-mark-10-13-16/,301,false,false,false,false
familychurch.online/sermons/2022-10-09-the-blessings-of-the-father,https://familychurch.online/sermons/the-blessings-of-the-father-ephesians-1-1-6/,301,false,false,false,false
familychurch.online/sermons/2024-01-28-the-colliding-worlds,https://familychurch.online/sermons/the-colliding-worlds-galatians-1-10-14/,301,false,false,false,false
familychurch.online/sermons/2021-11-07-the-cup-of-blessing,https://familychurch.online/sermons/the-cup-of-blessing-1-corinthians-10-16-22/,301,false,false,false,false
familychurch.online/sermons/2024-01-21-the-curse-of-false-gospels,https://familychurch.online/sermons/the-curse-of-false-gospels-galatians-1-6-9/,301,false,false,false,false
familychurch.online/sermons/2023-07-02-the-danger-of-empty-words,https://familychurch.online/sermons/the-danger-of-empty-words-ephesians-5-3-6/,301,false,false,false,false
familychurch.online/sermons/2026-04-03-the-death-of-the-servant-no-greater-love,https://familychurch.online/sermons/the-death-of-the-servant-no-greater-love-isaiah-53-2-12/,301,false,false,false,false
familychurch.online/sermons/2020-09-25-fountain-of-life,https://familychurch.online/sermons/fountain-of-life-hebrews-5-7-10/,301,false,false,false,false
familychurch.online/sermons/2022-11-27-the-gallery,https://familychurch.online/sermons/the-gallery-ephesians-2-4-7/,301,false,false,false,false
familychurch.online/sermons/2025-11-30-the-good-shepherd,https://familychurch.online/sermons/the-good-shepherd-psalm-23-1-6/,301,false,false,false,false
familychurch.online/sermons/2024-09-29-the-grand-entrance,https://familychurch.online/sermons/the-grand-entrance-acts-2-1-13/,301,false,false,false,false
familychurch.online/sermons/2025-03-16-the-great-value-of-simple-obedience,https://familychurch.online/sermons/the-great-value-of-simple-obedience-acts-8-26-40/,301,false,false,false,false
familychurch.online/sermons/2020-06-07-the-growing-problem-of-doubt,https://familychurch.online/sermons/the-growing-problem-of-doubt-hebrews-3-12-15/,301,false,false,false,false
familychurch.online/sermons/2023-05-14-the-grown-up-church,https://familychurch.online/sermons/the-grown-up-church-ephesians-4-15-16/,301,false,false,false,false
familychurch.online/sermons/2022-10-23-the-guarantee-of-the-spirit,https://familychurch.online/sermons/the-guarantee-of-the-spirit-ephesians-1-13-14/,301,false,false,false,false
familychurch.online/sermons/2022-10-23-the-guarantee-of-the-spirit,https://familychurch.online/sermons/the-guarantee-of-the-spirit-ephesians-1-13-14/,301,false,false,false,false
familychurch.online/sermons/2026-06-14-the-hands-of-jesus,https://familychurch.online/sermons/the-hands-of-jesus-revelation-1-9-20/,301,false,false,false,false
familychurch.online/sermons/2023-10-22-the-helmet-of-salvation,https://familychurch.online/sermons/the-helmet-of-salvation-ephesians-6-16-17/,301,false,false,false,false
familychurch.online/sermons/2025-02-16-the-hidden-opportunities-in-conflict,https://familychurch.online/sermons/the-hidden-opportunities-in-conflict-acts-6-1-7/,301,false,false,false,false
familychurch.online/sermons/2024-03-31-the-powerful-hope-and-power-of-the-resurrection,https://familychurch.online/sermons/the-powerful-hope-and-power-of-the-resurrection-john-20-26-31/,301,false,false,false,false
familychurch.online/sermons/2023-12-10-the-insiders,https://familychurch.online/sermons/the-insiders-matthew-25-1-13/,301,false,false,false,false
familychurch.online/sermons/2024-01-07-the-insiders-anna,https://familychurch.online/sermons/the-insiders-anna-luke-2-36-38/,301,false,false,false,false
familychurch.online/sermons/2023-12-24-the-insiders-marys-heart,https://familychurch.online/sermons/the-insiders-mary-s-heart-luke-2-16-20/,301,false,false,false,false
familychurch.online/sermons/2023-12-30-the-insiders-simeon,https://familychurch.online/sermons/the-insiders-simeon-luke-2-25-35/,301,false,false,false,false
familychurch.online/sermons/2023-12-16-the-insiders-zechariah,https://familychurch.online/sermons/the-insiders-zechariah-luke-1-67-79/,301,false,false,false,false
familychurch.online/sermons/2025-06-28-the-irrististible-gospel,https://familychurch.online/sermons/the-irrististible-gospel-acts-13-4-12/,301,false,false,false,false
familychurch.online/sermons/2022-12-11-the-joy-for-a-saviour,https://familychurch.online/sermons/the-joy-for-a-saviour-psalm-98-1-3/,301,false,false,false,false
familychurch.online/sermons/2022-12-11-the-joy-for-a-saviour,https://familychurch.online/sermons/the-joy-for-a-saviour-psalm-98-1-3/,301,false,false,false,false
familychurch.online/sermons/2026-03-22-the-judgement-that-brings-us-peace,https://familychurch.online/sermons/the-judgement-that-brings-us-peace-acts-24-1-27/,301,false,false,false,false
familychurch.online/sermons/2024-12-25-the-king-of-kings,https://familychurch.online/sermons/the-king-of-kings-matthew-2-1-12/,301,false,false,false,false
familychurch.online/sermons/2020-07-05-the-living-vision,https://familychurch.online/sermons/the-living-vision-acts-2-42-47/,301,false,false,false,false
familychurch.online/sermons/2020-07-17-the-living-vision-ii,https://familychurch.online/sermons/the-living-vision-ii-matthew-28-16-20/,301,false,false,false,false
familychurch.online/sermons/2021-05-02-the-lords-table,https://familychurch.online/sermons/the-lord-s-table-luke-22-13-20/,301,false,false,false,false
familychurch.online/sermons/2025-12-14-the-magi,https://familychurch.online/sermons/the-magi-matthew-2-1-12/,301,false,false,false,false
familychurch.online/sermons/2024-04-07-the-ministry-of-the-gifts,https://familychurch.online/sermons/the-ministry-of-the-gifts-1-corinthians-12-7-11/,301,false,false,false,false
familychurch.online/sermons/2025-05-25-the-momentum-of-testimony,https://familychurch.online/sermons/the-momentum-of-testimony-acts-11-19-30/,301,false,false,false,false
familychurch.online/sermons/2023-08-06-the-mystery,https://familychurch.online/sermons/the-mystery-ephesians-5-31-33/,301,false,false,false,false
familychurch.online/sermons/2021-04-18-the-new-covenant,https://familychurch.online/sermons/the-new-covenant-hebrews-8-7-13/,301,false,false,false,false
familychurch.online/sermons/2023-01-01-the-new-creation,https://familychurch.online/sermons/the-new-creation-matthew-6-31-34/,301,false,false,false,false
familychurch.online/sermons/2024-12-22-the-perfect-priest,https://familychurch.online/sermons/the-perfect-priest-hebrews-7-22-27/,301,false,false,false,false
familychurch.online/sermons/2021-06-11-the-perfect-vaccine,https://familychurch.online/sermons/the-perfect-vaccine-hebrews-10-11-18/,301,false,false,false,false
familychurch.online/sermons/2025-05-18-the-power-of-testimony,https://familychurch.online/sermons/the-power-of-testimony-acts-11-1-18/,301,false,false,false,false
familychurch.online/sermons/2025-11-23-the-power-of-the-name-of-jesus,https://familychurch.online/sermons/the-power-of-the-name-of-jesus-acts-19-11-20/,301,false,false,false,false
familychurch.online/sermons/2023-05-07-the-power-of-the-pew,https://familychurch.online/sermons/the-power-of-the-pew-ephesians-4-11-14/,301,false,false,false,false
familychurch.online/sermons/2022-03-13-the-power-of-worship,https://familychurch.online/sermons/the-power-of-worship-acts-16-25-33/,301,false,false,false,false
familychurch.online/sermons/2022-03-20-the-power-of-worship-ii,https://familychurch.online/sermons/the-power-of-worship-ii-acts-16-25-33/,301,false,false,false,false
familychurch.online/sermons/2024-05-19-the-powerful-embrace-of-grace,https://familychurch.online/sermons/the-powerful-embrace-of-grace-galatians-3-26-29/,301,false,false,false,false
familychurch.online/sermons/2024-05-19-the-powerful-embrace-of-grace,https://familychurch.online/sermons/the-powerful-embrace-of-grace-galatians-3-26-29/,301,false,false,false,false
familychurch.online/sermons/2025-06-08-the-rescue,https://familychurch.online/sermons/the-rescue-acts-12-6-19/,301,false,false,false,false
familychurch.online/sermons/2026-07-19-the-responsibility-of-authority,https://familychurch.online/sermons/the-responsibility-of-authority-revelation-2-18-29/,301,false,false,false,false
familychurch.online/sermons/2026-03-08-the-ressurection-divides,https://familychurch.online/sermons/the-ressurection-divides-acts-22-30-23-11/,301,false,false,false,false
familychurch.online/sermons/2022-10-16-the-riches-of-the-son,https://familychurch.online/sermons/the-riches-of-the-son-ephesians-1-7-12/,301,false,false,false,false
familychurch.online/sermons/2023-03-26-the-servant-heart,https://familychurch.online/sermons/the-servant-heart-matthew-25-23/,301,false,false,false,false
familychurch.online/sermons/2023-10-15-the-shield-of-faith,https://familychurch.online/sermons/the-shield-of-faith-ephesians-6-16/,301,false,false,false,false
familychurch.online/sermons/2023-10-29-the-mighty-sword-of-the-lord,https://familychurch.online/sermons/the-mighty-sword-of-the-lord-ephesians-6-17/,301,false,false,false,false
familychurch.online/sermons/2025-09-07-the-table-explained,https://familychurch.online/sermons/the-table-explained-1-corinthians-11-23-29/,301,false,false,false,false
familychurch.online/sermons/2022-01-01-the-third-day,https://familychurch.online/sermons/the-third-day-1-corinthians-15-3-6/,301,false,false,false,false
familychurch.online/sermons/2021-11-13-the-two-mountains-of-prophecy,https://familychurch.online/sermons/the-two-mountains-of-prophecy-1-peter-1-8-12/,301,false,false,false,false
familychurch.online/sermons/2023-10-01-the-unbreakable-righteousness-of-jesus-christ,https://familychurch.online/sermons/the-unbreakable-righteousness-of-jesus-christ-ephesians-6-10-14/,301,false,false,false,false
familychurch.online/sermons/2021-12-04-the-unstoppable-shepherd,https://familychurch.online/sermons/the-unstoppable-shepherd-ezekiel-34-22-24/,301,false,false,false,false
familychurch.online/sermons/2025-12-21-the-virgin-birth,https://familychurch.online/sermons/the-virgin-birth-matthew-1-18-25/,301,false,false,false,false
familychurch.online/sermons/2023-10-08-the-way-of-peace,https://familychurch.online/sermons/the-way-of-peace-ephesians-6-14-15/,301,false,false,false,false
familychurch.online/sermons/2025-01-26-wide-and-narrow-gates,https://familychurch.online/sermons/wide-and-narrow-gates-acts-5-1-11/,301,false,false,false,false
familychurch.online/sermons/2023-08-13-the-word-on-heavenly-families,https://familychurch.online/sermons/the-word-on-heavenly-families-ephesians-6-1-4/,301,false,false,false,false
familychurch.online/sermons/2022-04-10-the-world-at-his-feet,https://familychurch.online/sermons/the-world-at-his-feet-luke-19-29-40/,301,false,false,false,false
familychurch.online/sermons/2024-06-02-thinking-back-growing-forward,https://familychurch.online/sermons/thinking-back-growing-forward-galatians-4-1-7/,301,false,false,false,false
familychurch.online/sermons/2021-01-10-thriving-in-conspiracy-chaod,https://familychurch.online/sermons/thriving-in-conspiracy-chaod-matthew-24-3-14/,301,false,false,false,false
familychurch.online/sermons/2022-05-29-times-and-seasons,https://familychurch.online/sermons/times-and-seasons-1-thessalonians-5-1-11/,301,false,false,false,false
familychurch.online/sermons/2024-10-20-touched-by-jesus,https://familychurch.online/sermons/touched-by-jesus-mark-10-13-16/,301,false,false,false,false
familychurch.online/sermons/2021-09-11-touching-heaven,https://familychurch.online/sermons/touching-heaven-hebrews-12-18-24/,301,false,false,false,false
familychurch.online/sermons/2021-10-03-true-inner-strength,https://familychurch.online/sermons/true-inner-strength-hebrews-13-1-6/,301,false,false,false,false
familychurch.online/sermons/2023-03-05-truth-real-and-artificial,https://familychurch.online/sermons/truth-real-and-artificial-john-17-14-17/,301,false,false,false,false
familychurch.online/sermons/2023-03-05-truth-real-and-artificial,https://familychurch.online/sermons/truth-real-and-artificial-john-17-14-17/,301,false,false,false,false
familychurch.online/sermons/2023-09-24-truth-what-is-truth,https://familychurch.online/sermons/truth-what-is-truth-ephesians-6-14/,301,false,false,false,false
familychurch.online/sermons/2024-11-02-turn-around,https://familychurch.online/sermons/turn-around-acts-3-11-26/,301,false,false,false,false
familychurch.online/sermons/2020-08-16-turning-tables,https://familychurch.online/sermons/turning-tables-genesis-50-15-21/,301,false,false,false,false
familychurch.online/sermons/2025-08-17-unburdend-by-the-symphony-of-the-spirit,https://familychurch.online/sermons/unburdend-by-the-symphony-of-the-spirit-acts-15-12-35/,301,false,false,false,false
familychurch.online/sermons/2021-03-19-understanding-serving-god,https://familychurch.online/sermons/understanding-serving-god-colossians-3-23-24/,301,false,false,false,false
familychurch.online/sermons/2022-12-25-unwrap-this-christmas,https://familychurch.online/sermons/unwrap-this-christmas-psalm-98-7-9/,301,false,false,false,false
familychurch.online/sermons/2026-07-26-when-reputation-hides-reality,https://familychurch.online/sermons/when-reputation-hides-reality-revelation-3-1-6/,301,false,false,false,false
familychurch.online/sermons/2025-12-28-what-are-you-planning-for-2026,https://familychurch.online/sermons/what-are-you-planning-for-2026-romans-12-9-13/,301,false,false,false,false
familychurch.online/sermons/2024-03-17-what-are-you-waiting-for,https://familychurch.online/sermons/what-are-you-waiting-for-acts-10-39-48/,301,false,false,false,false
familychurch.online/sermons/2025-12-07-what-do-you-treasure,https://familychurch.online/sermons/what-do-you-treasure-luke-2-16-20/,301,false,false,false,false
familychurch.online/sermons/2020-11-15-what-happens-when-we-die,https://familychurch.online/sermons/what-happens-when-we-die-luke-23-39-43/,301,false,false,false,false
familychurch.online/sermons/2022-09-11-what-is-baptism,https://familychurch.online/sermons/what-is-baptism-galatians-3-26-27/,301,false,false,false,false
familychurch.online/sermons/2022-09-11-what-is-baptism,https://familychurch.online/sermons/what-is-baptism-galatians-3-26-27/,301,false,false,false,false
familychurch.online/sermons/2022-09-18-what-is-baptism-ii,https://familychurch.online/sermons/what-is-baptism-ii-romans-6-1-4/,301,false,false,false,false
familychurch.online/sermons/2020-10-11-what-is-gods-will-for-me,https://familychurch.online/sermons/what-is-god-s-will-for-me-jeremiah-9-23-24/,301,false,false,false,false
familychurch.online/sermons/2025-11-16-what-is-it-to-be-filled-with-the-holy-spirit,https://familychurch.online/sermons/what-is-it-to-be-filled-with-the-holy-spirit-acts-19-1-10/,301,false,false,false,false
familychurch.online/sermons/2026-01-11-what-is-your-purpose,https://familychurch.online/sermons/what-is-your-purpose-psalm-139-13-17/,301,false,false,false,false
familychurch.online/sermons/2024-03-24-what-jesus-longs-for,https://familychurch.online/sermons/what-jesus-longs-for-luke-19-37-44/,301,false,false,false,false
familychurch.online/sermons/2026-05-10-when-in-rome,https://familychurch.online/sermons/when-in-rome-acts-28-17-31/,301,false,false,false,false
familychurch.online/sermons/2025-02-23-where-jesus-stood,https://familychurch.online/sermons/where-jesus-stood-acts-6-8-7-60/,301,false,false,false,false
familychurch.online/sermons/2024-03-29-when-you-feel-like-nicodemus,https://familychurch.online/sermons/when-you-feel-like-nicodemus-john-19-38-42/,301,false,false,false,false
familychurch.online/sermons/2025-07-06-where-justice-and-mercy-meet,https://familychurch.online/sermons/where-justice-and-mercy-meet-acts-13-13-52/,301,false,false,false,false
familychurch.online/sermons/2020-08-02-while-we-wait-again,https://familychurch.online/sermons/while-we-wait-again-exodus-2-15-22/,301,false,false,false,false
familychurch.online/sermons/2024-03-10-who-do-i-live-for,https://familychurch.online/sermons/who-do-i-live-for-galatians-2-19-21/,301,false,false,false,false
familychurch.online/sermons/2026-03-29-who-is-the-servant-in-isaiah-and-what-difference-does-it-make,https://familychurch.online/sermons/who-is-the-servant-in-isaiah-and-what-difference-does-it-make-isaiah-53-4-6/,301,false,false,false,false
familychurch.online/sermons/2021-08-29-why-is-life-so-hard,https://familychurch.online/sermons/why-is-life-so-hard-hebrews-12-3-11/,301,false,false,false,false
familychurch.online/sermons/2026-01-25-why-the-long-sermon,https://familychurch.online/sermons/why-the-long-sermon-acts-20-1-16/,301,false,false,false,false
familychurch.online/sermons/2022-02-12-why-we-do-the-things-we-do,https://familychurch.online/sermons/why-we-do-the-things-we-do-1-thessalonians-2-9-12/,301,false,false,false,false
familychurch.online/sermons/2020-11-08-will-your-anchor-hold,https://familychurch.online/sermons/will-your-anchor-hold-hebrews-6-13-20/,301,false,false,false,false
familychurch.online/sermons/2023-09-10-being-human-part-3-wisdom,https://familychurch.online/sermons/being-human-part-3-wisdom-matthew-9-35-38/,301,false,false,false,false
familychurch.online/sermons/2023-04-16-walking-worthy,https://familychurch.online/sermons/walking-worthy-ephesians-4-1-3/,301,false,false,false,false
familychurch.online/sermons/2025-04-20-you-are-witnesses,https://familychurch.online/sermons/you-are-witnesses-luke-24-36-49/,301,false,false,false,false
familychurch.online/sermons/2024-09-01-your-place-at-the-table,https://familychurch.online/sermons/your-place-at-the-table-luke-22-14-23/,301,false,false,false,false
familychurch.online/sermons?format=rss,https://familychurch.online/sermons/feed.xml,301,false,false,false,false
familychurch.online/prayer-is,https://familychurch.online/about,301,false,false,false,false
familychurch.online/worship-is,https://familychurch.online/about,301,false,false,false,false
familychurch.online/scripture-is,https://familychurch.online/about,301,false,false,false,false
familychurch.online/serving-is,https://familychurch.online/about,301,false,false,false,false
